formula,material_id,has_fallback_ed,element_count,elements,ed_eV_by_element,electron_log_integral_0p04_100_MeV,electron_niel_1MeV_MeV_cm2_g,electron_niel_10MeV_MeV_cm2_g,electron_niel_100MeV_MeV_cm2_g,proton_log_integral_1e-4_1e4_MeV,proton_niel_1MeV_MeV_cm2_g,proton_niel_10MeV_MeV_cm2_g,proton_niel_100MeV_MeV_cm2_g,leo10yr_electron_ddd_MeV_g,leo10yr_proton_ddd_MeV_g,electron_log_integral_0p04_100_MeV_relative_to_median,proton_log_integral_1e-4_1e4_MeV_relative_to_median,srniel_damage_screening_score,leo10yr_total_ddd_MeV_g,leo10yr_total_ddd_relative_to_median,srniel_damage_rank
SbIrS,JVASP-10264,False,3,Sb;Ir;S,Sb:47.815;Ir:122.53;S:24.467,0.00019874356435471157,2.1364e-06,4.9499e-05,7.0045e-05,2.627921587089635,0.033932,0.004867,0.0016781,18090969.536412,355965854998.39417,0.4940209834020269,0.19918212816981853,0.31368798324858144,355983945967.9306,0.5586003590352714,1
InN,JVASP-17841,False,2,In;N,In:60.643;N:52.307,0.0002239806169387584,2.3288e-06,5.3511e-05,8.1427e-05,4.429377509784747,0.039022,0.0054381,0.0028015,21629806.969733994,438630173608.04785,0.5567532463370299,0.33572266509044996,0.4323363085122825,438651803415.0176,0.6883205202213589,2
Hg3Cl2O2,JVASP-12474,False,3,Hg;Cl;O,Hg:17.776;Cl:12.456;O:2.177,0.00032470644280634277,8.8501e-06,7.6598e-05,8.6897e-05,6.50570170198105,0.040789,0.0056569,0.0010149,963582924.8498765,444280512272.4882,0.8071295124095957,0.4930967181839271,0.6308667955428983,445244095197.3381,0.6986649658015011,3
PbS,JVASP-17941,False,2,Pb;S,Pb:12.507;S:7.6,0.00033730775832842405,1.4228e-05,8.0516e-05,8.9481e-05,5.313996693386978,0.041643,0.0058189,0.0010579,264147836.57894307,446394413996.0181,0.8384528627107258,0.40277197602703607,0.581124183216913,446658561832.59705,0.7008845085063011,4
Ag2Te,JVASP-108812,False,2,Ag;Te,Ag:25.44;Te:49.149,0.0002510671131561367,2.4614e-06,6.012e-05,8.6743e-05,2.914520377681008,0.041345,0.0055583,0.0021752,18223270.600362994,448616165400.5067,0.6240827095157319,0.2209047538833607,0.37129885180058614,448634388671.10706,0.7039849224263228,5
PtI2,JVASP-12896,False,2,Pt;I,Pt:6.913;I:10.106,0.0003418734325942456,2.0916e-05,7.9349e-05,9.4625e-05,3.4361039847960324,0.04359,0.0057599,0.00076432,110951264.43197496,456241033959.9043,0.8498018535473241,0.2604379474893073,0.4704472877065761,456351985224.33624,0.7160951657514855,6
NbBi3O7,JVASP-13254,False,3,Nb;Bi;O,Nb:1.558;Bi:57.752;O:0.691,0.0003804937534709133,2.1304e-05,7.5509e-05,8.757e-05,11.622033670841153,0.041876,0.005612,0.0011096,5117056998.851544,469746357812.1397,0.9458011829381421,0.880886785812788,0.9127670919003997,474863414810.9913,0.7451427993048626,7
ZnBi2O5,JVASP-9800,False,3,Zn;Bi;O,Zn:10;Bi:8;O:28,0.0003618349798161279,2.3626e-05,8.4223e-05,9.5038e-05,7.41532360865034,0.043913,0.0060344,0.0012181,188971416.71348095,486746292320.77405,0.8994206838264265,0.5620410992074608,0.7109932417314041,486935263737.48755,0.7640856174317449,8
Ag3SI,JVASP-53111,False,3,Ag;S;I,Ag:29.402;S:2.943;I:43.659,0.00028781501366740376,5.989e-06,6.5762e-05,9.4179e-05,4.927602522473944,0.044767,0.0060747,0.0024736,545263664.166393,497939162591.88605,0.7154277249253119,0.3734854045962251,0.5169156732998981,498484426256.0524,0.7822082502147643,9
AlBiO3,JVASP-11273,False,3,Al;Bi;O,Al:4.392;Bi:21.997;O:8.407,0.0003551905110241158,1.4806e-05,8.0535e-05,9.2398e-05,13.375382610014631,0.043702,0.0059885,0.0010678,1415572248.5939476,512312192979.62616,0.8829043904940024,1.0137810756746244,0.9460823234332509,513727765228.2201,0.8061276845577845,10
CuAs2Pb6Cl7O6,JVASP-53178,False,5,Cu;As;Pb;Cl;O,Cu:1.032;As:7.905;Pb:9.406;Cl:8.419;O:4.314,0.00039275603176999047,2.569e-05,8.6568e-05,0.00010029,9.109841076887099,0.046602,0.0064598,0.0015132,1236477498.4814942,521947782836.036,0.9762817814104912,0.6904762843372134,0.821035575900601,523184260334.5175,0.8209665603594166,11
Ta2Te4Br10O,JVASP-31871,False,4,Ta;Te;Br;O,Ta:11.673;Te:9.079;Br:7.234;O:7.082,0.00035653608819316465,2.2371e-05,7.9462e-05,0.00010362,6.210611979583581,0.048904,0.0064679,0.0020636,275389298.80180097,540281129134.3187,0.8862491194589636,0.4707305261343147,0.6458982228563499,540556518433.12054,0.8482266368910906,12
Cd2GaAgSe4,JVASP-108799,False,4,Cd;Ga;Ag;Se,Cd:14.814;Ga:2.202;Ag:5.875;Se:25.628,0.0003333098760764476,1.6609e-05,7.3617e-05,0.00010322,5.667490497929118,0.048999,0.0066719,0.0033656,484059086.5577241,549908699291.7754,0.8285152442119355,0.42956487906853297,0.596574430131175,550392758378.3331,0.8636613980009294,13
Na2WO4,JVASP-11669,False,3,Na;W;O,Na:27.677;W:19.987;O:7.052,0.00036514628513843197,1.7399e-05,8.0316e-05,9.9369e-05,16.41596279309187,0.046753,0.006361,0.0011807,1405299333.1442125,574306464723.7166,0.9076516638683733,1.244240475495234,1.062702657301479,575711764056.8607,0.9033912954376968,14
AlInSb2,JVASP-109795,False,3,Al;In;Sb,Al:1.35;In:0.286;Sb:14.278,0.0005260384228441642,3.8864e-05,9.3022e-05,0.00011789,7.784411153253805,0.053394,0.0071699,0.0031871,7364365438.726162,575654274714.8596,1.3075845741445489,0.5900159227243633,0.8783482902892449,583018640153.5858,0.914857047355129,15
SrTaNO2,JVASP-109687,False,4,Sr;Ta;N;O,Sr:7;Ta:0.56;N:22;O:28,0.0005735434540637082,5.6362e-05,0.00010357,0.0001216,9.810041893669593,0.05271,0.0072121,0.0017174,5595983812.539911,577582098018.4801,1.4256688115678913,0.7435476885671393,1.0295886312035336,583178081831.02,0.9151072389136774,16
HfS3,JVASP-8218,False,2,Hf;S,Hf:30;S:4.039,0.00039041554159759703,2.1448e-05,8.299e-05,0.00010608,11.955713215780417,0.050157,0.006996,0.0016479,2001887542.7421582,587013856713.468,0.9704639766409997,0.9061778760090314,0.9377702197744495,589015744256.2102,0.9242675405609088,17
HgSO4,JVASP-9390,False,3,Hg;S;O,Hg:27.053;S:3.01;O:2.315,0.00044250253698196253,2.5176e-05,8.7369e-05,0.00010322,18.75673277334366,0.048843,0.0065573,0.0012374,4831997415.007959,592752861559.5983,1.0999376970393884,1.4216580774941299,1.250494027069437,597584858974.6062,0.9377139631103729,18
InAgS2,JVASP-12383,False,3,In;Ag;S,In:39.49;Ag:2.877;S:9.262,0.0003994321141530475,2.7129e-05,8.4346e-05,0.00011492,9.444970004329043,0.054013,0.0073907,0.0031893,830086469.3755704,616089175077.8257,0.9928766572992238,0.7158772298247389,0.8430763850239282,616919261547.2013,0.9680529835665287,19
InS,JVASP-51076,False,2,In;S,In:11.529;S:3.526,0.0004116866217121917,2.6911e-05,8.6612e-05,0.00011602,10.439513577185796,0.054815,0.0074275,0.0031841,1522371148.473862,630623387617.9104,1.0233379398827998,0.7912582101296379,0.8998469573596475,632145758766.3843,0.9919459902872627,20
BaAlSi,JVASP-17183,False,3,Ba;Al;Si,Ba:7.95;Al:4.891;Si:2.351,0.00044300313495619485,3.3626e-05,8.9329e-05,0.00011506,13.252840357624725,0.054007,0.007209,0.0014187,2548743406.265347,630792509925.2291,1.10118204376489,1.0044930410766149,1.0517270082679995,633341253331.4945,0.9938219279548435,21
GaAgTeSe,JVASP-109402,False,4,Ga;Ag;Te;Se,Ga:2.622;Ag:1.166;Te:3.638;Se:2.338,0.0005181905653158189,4.9042e-05,9.9307e-05,0.00012612,8.698468001051797,0.058354,0.0075982,0.0026531,3165798134.1312723,630626911905.3234,1.2880769925715798,0.6592964481049671,0.9215338225416204,633792710039.4546,0.9945303415841988,22
Ag3PO4,JVASP-9585,False,3,Ag;P;O,Ag:14.705;P:8.7;O:6.933,0.00038609170106866295,2.2295e-05,8.3061e-05,0.00011247,13.79513382014093,0.053157,0.0070832,0.0029312,1119152918.2606902,633295967581.0406,0.9597161169197905,1.0455959288062986,1.0017361252650934,634415120499.3014,0.9955070112072977,23
SrZrS3,JVASP-21271,False,3,Sr;Zr;S,Sr:19.813;Zr:20.172;S:21.908,0.0003383428563373901,1.4925e-05,7.5852e-05,0.00011151,9.304052403689235,0.05326,0.0075501,0.003284,96276875.53874402,640045413088.8384,0.8410258272138391,0.7051964440167017,0.7701223426686207,640141689964.3771,1.0044929887927023,24
P2Se5,JVASP-5590,False,2,P;Se,P:8.7;Se:7.4,0.00039425071414408286,2.9344e-05,8.3483e-05,0.00011607,10.610615022710617,0.055321,0.007599,0.0035447,478801434.6777609,651144425002.5881,0.9799971442637251,0.8042267668095613,0.8877724566654559,651623226437.2659,1.022509504617857,25
Rb2As3,JVASP-11390,False,2,Rb;As,Rb:3.146;As:5.88,0.0004458478209428381,3.7781e-05,9.1179e-05,0.00012293,9.577795764097917,0.058275,0.0077408,0.0035962,1011751949.3391365,659958758361.1703,1.108253138485136,0.7259446982136406,0.896956236480862,660970510310.5094,1.0371770091127614,26
ScS,JVASP-19725,False,2,Sc;S,Sc:46.408;S:48.251,0.00030410994072179175,8.012e-06,6.8521e-05,0.00011052,8.933750231745327,0.052854,0.0083198,0.0034884,40939597.36959899,665102531925.4614,0.7559323617119682,0.6771295583698668,0.7154468158036035,665143471522.831,1.043725106738639,27
BaH2O4,JVASP-54745,False,3,Ba;H;O,Ba:49.308;H:1.286;O:0.599,0.0005727046818944985,3.9241e-05,8.8502e-05,0.00011362,31.441499142438527,0.053862,0.0068301,0.0011015,13088231608.124666,688688065557.8744,1.4235838582602025,2.3830942075315513,1.8418833965686605,701776297165.999,1.101208343801789,28
GaAgP2Se6,JVASP-27498,False,4,Ga;Ag;P;Se,Ga:5.442;Ag:1.858;P:2.469;Se:2.533,0.0005257218463191904,4.8959e-05,0.00010004,0.00013138,12.350701364802633,0.061751,0.0082293,0.003598,3066187328.9661293,701012582784.5348,1.306797653336837,0.9361158241238505,1.1060352445634485,704078770113.501,1.104821321942268,29
Ca3SnH2,JVASP-37879,False,3,Ca;Sn;H,Ca:6.884;Sn:20.699;H:1.517,0.0004473116841667613,2.9276e-05,9.0621e-05,0.00012522,18.371172954563942,0.059504,0.008236,0.0034746,2270761413.906683,716553848604.4935,1.111891893540157,1.3924347454059132,1.2442816826187257,718824610018.4003,1.1279600942336887,30
Ga3BN4,JVASP-35152,False,3,Ga;B;N,Ga:10.808;B:8.338;N:8.691,0.0004223803539764694,3.114e-05,8.6831e-05,0.00011952,21.02952799388527,0.056915,0.007661,0.0031392,1527008188.4761314,719850791802.9062,1.0499195710746791,1.5939235633235702,1.2936350118679174,721377799991.3823,1.131966490734843,31
Cu2SnSe3,JVASP-109764,False,3,Cu;Sn;Se,Cu:1.448;Sn:2.997;Se:0.62,0.0006699052327226333,6.3024e-05,0.00011179,0.00014201,11.864303867743493,0.065654,0.0086582,0.0036798,9135006405.869532,715472800777.4464,1.6651972753448976,0.8992495458160541,1.2236943627998087,724607807183.3159,1.1370349304707832,32
ScMo3O8,JVASP-12703,False,3,Sc;Mo;O,Sc:7.235;Mo:7.526;O:8.658,0.0004535271304512473,3.5939e-05,9.3086e-05,0.0001244,20.292440157025137,0.059015,0.0077719,0.0029119,1585072010.953544,727721746052.2412,1.1273417567632196,1.5380563240896616,1.31678210741186,729306818063.1947,1.1444084909763668,33
CaSnS3,JVASP-40190,False,3,Ca;Sn;S,Ca:5.795;Sn:12;S:7.6,0.0004489181861967811,3.2801e-05,9.3496e-05,0.00012838,15.633808027985035,0.060903,0.0084931,0.0033547,974627933.7964114,739549178661.3154,1.1158852088220106,1.1849574088171755,1.1499027983195547,740523806595.1118,1.162009885343145,34
ZnGeN2,JVASP-9374,False,3,Zn;Ge;N,Zn:0.591;Ge:14.5;N:22,0.0005768968766663851,4.6838e-05,0.00010098,0.0001348,16.691909194151055,0.063061,0.008457,0.0034285,7347965620.113387,748092633375.257,1.434004483403686,1.265155708161914,1.3469368796302037,755440598995.3704,1.1854169116566005,35
ZnS,JVASP-10591,False,2,Zn;S,Zn:4.311;S:24.075,0.000470746464841869,3.7183e-05,9.6442e-05,0.00013542,14.081921578648473,0.064269,0.0090047,0.003677,996982773.2250584,776448301519.2905,1.170144211961219,1.0673328772575827,1.1175568838134704,777445284292.5156,1.2199460673858613,36
MgCu2O4,JVASP-9908,False,3,Mg;Cu;O,Mg:15.298;Cu:8.614;O:4.661,0.0005133634139851179,4.1843e-05,9.8996e-05,0.00013477,27.1630824463668,0.064022,0.0086874,0.0030391,3321404660.872405,832948824312.1078,1.2760780427934266,2.0588135490418034,1.6208660537311073,836270228972.9802,1.3122525761229091,37
MoH2O4,JVASP-54713,False,3,Mo;H;O,Mo:2.272;H:1.679;O:6.718,0.0006213107107971238,5.8746e-05,0.00011136,0.00014131,35.88376342326989,0.066392,0.0084549,0.0027361,6151092388.347878,832482942472.7186,1.5444048683679092,2.7197936196052113,2.049502990257459,838634034861.0665,1.3159617962513181,38
KP,JVASP-10123,False,2,K;P,K:12.274;P:12.243,0.00045288110216370504,3.3799e-05,9.4382e-05,0.00013637,19.979470713906885,0.064885,0.0095872,0.003434,722423469.5998514,839254613312.7184,1.1257359109037404,1.514334946694435,1.3056573940473155,839977036782.3182,1.3180691984639556,39
MgCu2O4,JVASP-9884,False,3,Mg;Cu;O,Mg:6.26;Cu:3.435;O:3.802,0.0006121498203857993,5.592e-05,0.00011093,0.00014647,30.6773155460543,0.06932,0.009242,0.0031028,5453385426.924955,891514924662.0334,1.5216334538341363,2.3251732574590465,1.880973528391662,896968310088.9584,1.4074983597830293,40
CrO3,JVASP-44469,False,2,Cr;O,Cr:11.925;O:2.921,0.000610829540534173,5.1054e-05,0.00010678,0.00014241,37.04348970161583,0.067587,0.009103,0.0029357,7621792586.066359,917661075346.2786,1.518351606933664,2.807694548365887,2.064719721727439,925282867932.345,1.4519287964821763,41
SCl2,JVASP-58833,False,2,S;Cl,S:6.36;Cl:4.261,0.0005913307532239485,5.3263e-05,0.00011137,0.00015323,27.06107995805597,0.072684,0.010475,0.0035127,3817351948.2327747,939059487898.286,1.4698830685262936,2.051082316572699,1.736332678170833,942876839846.5188,1.4795367803236705,42
Na3VS3O,JVASP-12252,False,4,Na;V;S;O,Na:5.67;V:2.908;S:5.331;O:5.272,0.0005986515298113355,5.4548e-05,0.00011083,0.0001501,31.714463927720644,0.071163,0.0099945,0.0031451,4567437167.219831,938911384039.2096,1.488080474116306,2.4037834499788966,1.8913019896139078,943478821206.4294,1.480481393156882,43
AsCl5,JVASP-5770,False,2,As;Cl,As:1.219;Cl:0.668,0.0009147525620343549,8.3733e-05,0.00013463,0.00017288,26.869948175387844,0.080832,0.011035,0.0037526,18944546077.8972,972505599386.7966,2.2738193396752493,2.03659556954807,2.151941075665254,991450145464.6938,1.5557566949157933,44
Si,JVASP-25415,False,1,Si,Si:4.733,0.0006487090166541826,5.9333e-05,0.00011866,0.00016112,34.521088879016304,0.076353,0.010723,0.0031268,5406821751.100668,1016121285245.0403,1.612509403209079,2.6165103188169794,2.0540563509032475,1021528106996.141,1.6029542168850257,45
KNO3,JVASP-53146,False,3,K;N;O,K:3.45;N:3.834;O:3.342,0.0007433334873362147,6.8617e-05,0.00012367,0.00015946,49.13831726780899,0.075419,0.0099346,0.0026131,10560604421.061058,1048783497737.1398,1.847719404660004,3.7244165336475468,2.6232950082400417,1059344102158.2008,1.6622940514873021,46
NaS,JVASP-9152,False,2,Na;S,Na:2.013;S:0.802,0.0009642834895228407,8.7509e-05,0.00014113,0.00018164,40.83677228778312,0.08544,0.011613,0.0031812,20400779383.15429,1111048134713.171,2.396939389303644,3.09520468640584,2.7237874422948996,1131448914096.3252,1.775438967973046,47
Bi4Te7Pb,JVASP-12475,True,3,Bi;Te;Pb,Bi:8;Te:5.5;Pb:8,0.0003539829100845672,2.457e-05,8.1533e-05,9.2796e-05,3.441301056740043,0.04282,0.0056693,0.00075294,148238611.97905904,440394383263.8369,0.8799026318929125,0.26083185720683666,0.4790685103801041,440542621875.816,0.6912875412992354,48
TeMoWSe3,JVASP-28952,True,4,Te;Mo;W;Se,Te:5.5;Mo:33;W:55;Se:7.4,0.00030749511099040054,1.5901e-05,7.0121e-05,9.389e-05,4.823962514090526,0.04467,0.0060208,0.0021265,168893301.59327596,488225739580.32587,0.7643469493767878,0.36563005703381585,0.5286475373008542,488394632881.9191,0.7663756199368519,49
MoWSe2S2,JVASP-28698,True,4,Mo;W;Se;S,Mo:33;W:55;Se:7.4;S:7.6,0.0003132631969399884,1.5039e-05,7.0912e-05,9.6698e-05,7.116924596784273,0.046179,0.0064025,0.0023995,323014991.6568211,523889808126.9499,0.7786847997741823,0.5394240810592603,0.6481059578132286,524212823118.6067,0.8225805532009205,50
HoSO,JVASP-46072,True,3,Ho;S;O,Ho:9;S:7.6;O:28,0.00037226264339886,2.377e-05,8.3728e-05,0.00010337,8.782908821445428,0.047957,0.0065098,0.0012224,367930753.4347149,542847835151.0551,0.9253409426003538,0.66569660189686,0.7848543311246317,543215765904.4898,0.8523994559440158,51
Te2Mo3WS6,JVASP-28699,True,4,Te;Mo;W;S,Te:5.5;Mo:33;W:55;S:7.6,0.0003395683557902526,1.8341e-05,7.523e-05,0.0001024,8.290408054393268,0.048609,0.0066474,0.0020405,414074584.07049793,555361868779.6866,0.8440720765192066,0.6283677290002535,0.7282771820089533,555775943363.7572,0.8721085459683326,52
Ca3PbO,JVASP-17656,True,3,Ca;Pb;O,Ca:8;Pb:8;O:28,0.00041119457637269326,2.9477e-05,9.1243e-05,0.00011038,10.123938506967397,0.051376,0.0072151,0.0018723,525864069.1198702,591599870424.8605,1.0221148526181296,0.7673393404067962,0.8856121819555021,592125734493.9803,0.9291476529454461,53
VRhO4,JVASP-42957,True,3,V;Rh;O,V:28;Rh:25;O:28,0.00032644275406739417,1.3905e-05,7.3364e-05,0.00010558,13.134281933278038,0.05028,0.0069883,0.0028397,215938227.57867593,627557585476.9081,0.8114454971785199,0.995506958923385,0.8987767460433445,627773523704.4868,0.9850851975379669,54
Mg2Mo3O8,JVASP-19255,True,3,Mg;Mo;O,Mg:10;Mo:33;O:28,0.0003315843642457358,1.4446e-05,7.3565e-05,0.00010588,14.487917173144426,0.050538,0.0068931,0.0026878,353290950.117611,632878538565.6898,0.8242261038100924,1.0981051297237734,0.9513605586979638,633231829515.8074,0.9936502230692099,55
Rb4CuSi2O7,JVASP-25574,True,4,Rb;Cu;Si;O,Rb:5.5;Cu:19;Si:20.5;O:28,0.00040575726164974714,3.0102e-05,8.6253e-05,0.0001191,14.110682255620757,0.056595,0.007657,0.0030716,537967219.3639473,689307439913.3485,1.0085992070916059,1.0695127797611763,1.0386095231806136,689845407132.7124,1.0824867145494277,56
NbS2,JVASP-574,True,2,Nb;S,Nb:28;S:7.6,0.00039105936351710576,2.1878e-05,8.3321e-05,0.00011986,13.362031624854522,0.057148,0.0080163,0.0032866,695749922.9584863,694421296386.9626,0.9720643380858806,1.0127691437926312,0.9922080262699894,695117046309.9211,1.0907588278580387,57
ZnO,JVASP-17188,True,2,Zn;O,Zn:10;O:28,0.0004051635246236035,2.7896e-05,8.7155e-05,0.00012317,14.278781632732136,0.058633,0.0080433,0.003373,320651256.8369801,721904373129.2118,1.0071233427007762,1.082253796023441,1.0440129600257517,722225024386.0488,1.1332959322908587,58
ScVO4,JVASP-11823,True,3,Sc;V;O,Sc:25;V:28;O:28,0.0003571582320824262,2.0267e-05,7.794e-05,0.0001142,18.386327061050427,0.054451,0.0079102,0.0029153,302614453.551187,722329629227.971,0.8877955953762516,1.3935833440533456,1.1123026362641903,722632243681.5221,1.1339349297715988,59
Li3VB2O6,JVASP-40731,True,4,Li;V;B;O,Li:12;V:28;B:22;O:28,0.00038512283521777125,2.7676e-05,8.0409e-05,0.00010996,32.164982160982845,0.052234,0.0070696,0.002029,1157831985.107575,740125151853.5673,0.9573077870601735,2.4379302757142303,1.5276942224316319,741282983838.6748,1.163201165696175,60
Na2GaNiF7,JVASP-57312,True,4,Na;Ga;Ni;F,Na:8;Ga:9.4;Ni:23;F:15,0.0004227161152384279,3.1397e-05,8.7488e-05,0.00012259,23.882040906870206,0.058317,0.0081202,0.0027365,1013334506.510671,770481496923.219,1.0507541797794169,1.8101284894642558,1.3791301882862144,771494831429.7296,1.2106087780411499,61
CoC4N6,JVASP-59765,True,3,Co;C;N,Co:22;C:37;N:22,0.0003980021447410183,2.8356e-05,8.4907e-05,0.00011574,29.821647243726115,0.054957,0.0073212,0.0021412,687903672.4847711,773628264906.8352,0.9893221527925791,2.260318265475083,1.4953872182134624,774316168579.32,1.215035943823684,62
