formula,material_id,particle,status,result_url,omere_dat,raw_curve_csv,elements,stoichiometry,ed_eV,has_fallback_ed,payload_json,error
Ag2Te,JVASP-108812,electron,ok,http://www.sr-niel.org/Simulation/350308niel_e.html,omere_inputs/Ag2Te_JVASP-108812_e_NIEL.dat,raw_srniel_tables/Ag2Te_JVASP-108812_e_srniel.csv,Ag;Te,2;1,25.44;49.149,False,"{""AddEnergy"": """", ""Emax"": ""100"", ""Emin"": ""0.04"", ""FF"": ""0"", ""Fluence"": ""1"", ""NELEM"": ""2"", ""Stoich1"": ""2"", ""Stoich2"": ""1"", ""TARGET"": ""0"", ""Th1"": ""25.44"", ""Th2"": ""49.149"", ""Z1"": ""47"", ""Z2"": ""52"", ""formSubmit"": ""CALCULATE""}",
Ag2Te,JVASP-108812,proton,ok,http://www.sr-niel.org/Simulation/395493niel_p.html,omere_inputs/Ag2Te_JVASP-108812_p_NIEL.dat,raw_srniel_tables/Ag2Te_JVASP-108812_p_srniel.csv,Ag;Te,2;1,25.44;49.149,False,"{""AddEnergy"": """", ""Emax"": ""10000"", ""Emin"": ""0.0001"", ""Fluence"": ""1"", ""Ionmodel"": ""1"", ""NELEM"": ""2"", ""Scale"": ""0"", ""Stoich1"": ""2"", ""Stoich2"": ""1"", ""TARGET"": ""0"", ""Th1"": ""25.44"", ""Th2"": ""49.149"", ""Z1"": ""47"", ""Z2"": ""52"", ""Zi"": ""1"", ""formSubmit"": ""CALCULATE""}",
Ag3PO4,JVASP-9585,electron,ok,http://www.sr-niel.org/Simulation/259174niel_e.html,omere_inputs/Ag3PO4_JVASP-9585_e_NIEL.dat,raw_srniel_tables/Ag3PO4_JVASP-9585_e_srniel.csv,Ag;P;O,3;1;4,14.705;8.7;6.933,False,"{""AddEnergy"": """", ""Emax"": ""100"", ""Emin"": ""0.04"", ""FF"": ""0"", ""Fluence"": ""1"", ""NELEM"": ""3"", ""Stoich1"": ""3"", ""Stoich2"": ""1"", ""Stoich3"": ""4"", ""TARGET"": ""0"", ""Th1"": ""14.705"", ""Th2"": ""8.7"", ""Th3"": ""6.933"", ""Z1"": ""47"", ""Z2"": ""15"", ""Z3"": ""8"", ""formSubmit"": ""CALCULATE""}",
Ag3PO4,JVASP-9585,proton,ok,http://www.sr-niel.org/Simulation/586100niel_p.html,omere_inputs/Ag3PO4_JVASP-9585_p_NIEL.dat,raw_srniel_tables/Ag3PO4_JVASP-9585_p_srniel.csv,Ag;P;O,3;1;4,14.705;8.7;6.933,False,"{""AddEnergy"": """", ""Emax"": ""10000"", ""Emin"": ""0.0001"", ""Fluence"": ""1"", ""Ionmodel"": ""1"", ""NELEM"": ""3"", ""Scale"": ""0"", ""Stoich1"": ""3"", ""Stoich2"": ""1"", ""Stoich3"": ""4"", ""TARGET"": ""0"", ""Th1"": ""14.705"", ""Th2"": ""8.7"", ""Th3"": ""6.933"", ""Z1"": ""47"", ""Z2"": ""15"", ""Z3"": ""8"", ""Zi"": ""1"", ""formSubmit"": ""CALCULATE""}",
Ag3SI,JVASP-53111,electron,ok,http://www.sr-niel.org/Simulation/615538niel_e.html,omere_inputs/Ag3SI_JVASP-53111_e_NIEL.dat,raw_srniel_tables/Ag3SI_JVASP-53111_e_srniel.csv,Ag;S;I,3;1;1,29.402;2.943;43.659,False,"{""AddEnergy"": """", ""Emax"": ""100"", ""Emin"": ""0.04"", ""FF"": ""0"", ""Fluence"": ""1"", ""NELEM"": ""3"", ""Stoich1"": ""3"", ""Stoich2"": ""1"", ""Stoich3"": ""1"", ""TARGET"": ""0"", ""Th1"": ""29.402"", ""Th2"": ""2.943"", ""Th3"": ""43.659"", ""Z1"": ""47"", ""Z2"": ""16"", ""Z3"": ""53"", ""formSubmit"": ""CALCULATE""}",
Ag3SI,JVASP-53111,proton,ok,http://www.sr-niel.org/Simulation/370658niel_p.html,omere_inputs/Ag3SI_JVASP-53111_p_NIEL.dat,raw_srniel_tables/Ag3SI_JVASP-53111_p_srniel.csv,Ag;S;I,3;1;1,29.402;2.943;43.659,False,"{""AddEnergy"": """", ""Emax"": ""10000"", ""Emin"": ""0.0001"", ""Fluence"": ""1"", ""Ionmodel"": ""1"", ""NELEM"": ""3"", ""Scale"": ""0"", ""Stoich1"": ""3"", ""Stoich2"": ""1"", ""Stoich3"": ""1"", ""TARGET"": ""0"", ""Th1"": ""29.402"", ""Th2"": ""2.943"", ""Th3"": ""43.659"", ""Z1"": ""47"", ""Z2"": ""16"", ""Z3"": ""53"", ""Zi"": ""1"", ""formSubmit"": ""CALCULATE""}",
AlBiO3,JVASP-11273,electron,ok,http://www.sr-niel.org/Simulation/570487niel_e.html,omere_inputs/AlBiO3_JVASP-11273_e_NIEL.dat,raw_srniel_tables/AlBiO3_JVASP-11273_e_srniel.csv,Al;Bi;O,1;1;3,4.392;21.997;8.407,False,"{""AddEnergy"": """", ""Emax"": ""100"", ""Emin"": ""0.04"", ""FF"": ""0"", ""Fluence"": ""1"", ""NELEM"": ""3"", ""Stoich1"": ""1"", ""Stoich2"": ""1"", ""Stoich3"": ""3"", ""TARGET"": ""0"", ""Th1"": ""4.392"", ""Th2"": ""21.997"", ""Th3"": ""8.407"", ""Z1"": ""13"", ""Z2"": ""83"", ""Z3"": ""8"", ""formSubmit"": ""CALCULATE""}",
AlBiO3,JVASP-11273,proton,ok,http://www.sr-niel.org/Simulation/572899niel_p.html,omere_inputs/AlBiO3_JVASP-11273_p_NIEL.dat,raw_srniel_tables/AlBiO3_JVASP-11273_p_srniel.csv,Al;Bi;O,1;1;3,4.392;21.997;8.407,False,"{""AddEnergy"": """", ""Emax"": ""10000"", ""Emin"": ""0.0001"", ""Fluence"": ""1"", ""Ionmodel"": ""1"", ""NELEM"": ""3"", ""Scale"": ""0"", ""Stoich1"": ""1"", ""Stoich2"": ""1"", ""Stoich3"": ""3"", ""TARGET"": ""0"", ""Th1"": ""4.392"", ""Th2"": ""21.997"", ""Th3"": ""8.407"", ""Z1"": ""13"", ""Z2"": ""83"", ""Z3"": ""8"", ""Zi"": ""1"", ""formSubmit"": ""CALCULATE""}",
AlInSb2,JVASP-109795,electron,ok,http://www.sr-niel.org/Simulation/813928niel_e.html,omere_inputs/AlInSb2_JVASP-109795_e_NIEL.dat,raw_srniel_tables/AlInSb2_JVASP-109795_e_srniel.csv,Al;In;Sb,1;1;2,1.35;0.286;14.278,False,"{""AddEnergy"": """", ""Emax"": ""100"", ""Emin"": ""0.04"", ""FF"": ""0"", ""Fluence"": ""1"", ""NELEM"": ""3"", ""Stoich1"": ""1"", ""Stoich2"": ""1"", ""Stoich3"": ""2"", ""TARGET"": ""0"", ""Th1"": ""1.35"", ""Th2"": ""0.286"", ""Th3"": ""14.278"", ""Z1"": ""13"", ""Z2"": ""49"", ""Z3"": ""51"", ""formSubmit"": ""CALCULATE""}",
AlInSb2,JVASP-109795,proton,ok,http://www.sr-niel.org/Simulation/507461niel_p.html,omere_inputs/AlInSb2_JVASP-109795_p_NIEL.dat,raw_srniel_tables/AlInSb2_JVASP-109795_p_srniel.csv,Al;In;Sb,1;1;2,1.35;0.286;14.278,False,"{""AddEnergy"": """", ""Emax"": ""10000"", ""Emin"": ""0.0001"", ""Fluence"": ""1"", ""Ionmodel"": ""1"", ""NELEM"": ""3"", ""Scale"": ""0"", ""Stoich1"": ""1"", ""Stoich2"": ""1"", ""Stoich3"": ""2"", ""TARGET"": ""0"", ""Th1"": ""1.35"", ""Th2"": ""0.286"", ""Th3"": ""14.278"", ""Z1"": ""13"", ""Z2"": ""49"", ""Z3"": ""51"", ""Zi"": ""1"", ""formSubmit"": ""CALCULATE""}",
AsCl5,JVASP-5770,electron,ok,http://www.sr-niel.org/Simulation/614821niel_e.html,omere_inputs/AsCl5_JVASP-5770_e_NIEL.dat,raw_srniel_tables/AsCl5_JVASP-5770_e_srniel.csv,As;Cl,1;5,1.219;0.668,False,"{""AddEnergy"": """", ""Emax"": ""100"", ""Emin"": ""0.04"", ""FF"": ""0"", ""Fluence"": ""1"", ""NELEM"": ""2"", ""Stoich1"": ""1"", ""Stoich2"": ""5"", ""TARGET"": ""0"", ""Th1"": ""1.219"", ""Th2"": ""0.668"", ""Z1"": ""33"", ""Z2"": ""17"", ""formSubmit"": ""CALCULATE""}",
AsCl5,JVASP-5770,proton,ok,http://www.sr-niel.org/Simulation/377873niel_p.html,omere_inputs/AsCl5_JVASP-5770_p_NIEL.dat,raw_srniel_tables/AsCl5_JVASP-5770_p_srniel.csv,As;Cl,1;5,1.219;0.668,False,"{""AddEnergy"": """", ""Emax"": ""10000"", ""Emin"": ""0.0001"", ""Fluence"": ""1"", ""Ionmodel"": ""1"", ""NELEM"": ""2"", ""Scale"": ""0"", ""Stoich1"": ""1"", ""Stoich2"": ""5"", ""TARGET"": ""0"", ""Th1"": ""1.219"", ""Th2"": ""0.668"", ""Z1"": ""33"", ""Z2"": ""17"", ""Zi"": ""1"", ""formSubmit"": ""CALCULATE""}",
BaAlSi,JVASP-17183,electron,ok,http://www.sr-niel.org/Simulation/486302niel_e.html,omere_inputs/BaAlSi_JVASP-17183_e_NIEL.dat,raw_srniel_tables/BaAlSi_JVASP-17183_e_srniel.csv,Ba;Al;Si,1;1;1,7.95;4.891;2.351,False,"{""AddEnergy"": """", ""Emax"": ""100"", ""Emin"": ""0.04"", ""FF"": ""0"", ""Fluence"": ""1"", ""NELEM"": ""3"", ""Stoich1"": ""1"", ""Stoich2"": ""1"", ""Stoich3"": ""1"", ""TARGET"": ""0"", ""Th1"": ""7.95"", ""Th2"": ""4.891"", ""Th3"": ""2.351"", ""Z1"": ""56"", ""Z2"": ""13"", ""Z3"": ""14"", ""formSubmit"": ""CALCULATE""}",
BaAlSi,JVASP-17183,proton,ok,http://www.sr-niel.org/Simulation/684781niel_p.html,omere_inputs/BaAlSi_JVASP-17183_p_NIEL.dat,raw_srniel_tables/BaAlSi_JVASP-17183_p_srniel.csv,Ba;Al;Si,1;1;1,7.95;4.891;2.351,False,"{""AddEnergy"": """", ""Emax"": ""10000"", ""Emin"": ""0.0001"", ""Fluence"": ""1"", ""Ionmodel"": ""1"", ""NELEM"": ""3"", ""Scale"": ""0"", ""Stoich1"": ""1"", ""Stoich2"": ""1"", ""Stoich3"": ""1"", ""TARGET"": ""0"", ""Th1"": ""7.95"", ""Th2"": ""4.891"", ""Th3"": ""2.351"", ""Z1"": ""56"", ""Z2"": ""13"", ""Z3"": ""14"", ""Zi"": ""1"", ""formSubmit"": ""CALCULATE""}",
BaH2O4,JVASP-54745,electron,ok,http://www.sr-niel.org/Simulation/135262niel_e.html,omere_inputs/BaH2O4_JVASP-54745_e_NIEL.dat,raw_srniel_tables/BaH2O4_JVASP-54745_e_srniel.csv,Ba;H;O,1;2;4,49.308;1.286;0.599,False,"{""AddEnergy"": """", ""Emax"": ""100"", ""Emin"": ""0.04"", ""FF"": ""0"", ""Fluence"": ""1"", ""NELEM"": ""3"", ""Stoich1"": ""1"", ""Stoich2"": ""2"", ""Stoich3"": ""4"", ""TARGET"": ""0"", ""Th1"": ""49.308"", ""Th2"": ""1.286"", ""Th3"": ""0.599"", ""Z1"": ""56"", ""Z2"": ""1"", ""Z3"": ""8"", ""formSubmit"": ""CALCULATE""}",
BaH2O4,JVASP-54745,proton,ok,http://www.sr-niel.org/Simulation/194555niel_p.html,omere_inputs/BaH2O4_JVASP-54745_p_NIEL.dat,raw_srniel_tables/BaH2O4_JVASP-54745_p_srniel.csv,Ba;H;O,1;2;4,49.308;1.286;0.599,False,"{""AddEnergy"": """", ""Emax"": ""10000"", ""Emin"": ""0.0001"", ""Fluence"": ""1"", ""Ionmodel"": ""1"", ""NELEM"": ""3"", ""Scale"": ""0"", ""Stoich1"": ""1"", ""Stoich2"": ""2"", ""Stoich3"": ""4"", ""TARGET"": ""0"", ""Th1"": ""49.308"", ""Th2"": ""1.286"", ""Th3"": ""0.599"", ""Z1"": ""56"", ""Z2"": ""1"", ""Z3"": ""8"", ""Zi"": ""1"", ""formSubmit"": ""CALCULATE""}",
Bi4Te7Pb,JVASP-12475,electron,ok,http://www.sr-niel.org/Simulation/159821niel_e.html,omere_inputs/Bi4Te7Pb_JVASP-12475_e_NIEL.dat,raw_srniel_tables/Bi4Te7Pb_JVASP-12475_e_srniel.csv,Bi;Te;Pb,4;7;1,8;5.5;8,True,"{""AddEnergy"": """", ""Emax"": ""100"", ""Emin"": ""0.04"", ""FF"": ""0"", ""Fluence"": ""1"", ""NELEM"": ""3"", ""Stoich1"": ""4"", ""Stoich2"": ""7"", ""Stoich3"": ""1"", ""TARGET"": ""0"", ""Th1"": ""8"", ""Th2"": ""5.5"", ""Th3"": ""8"", ""Z1"": ""83"", ""Z2"": ""52"", ""Z3"": ""82"", ""formSubmit"": ""CALCULATE""}",
Bi4Te7Pb,JVASP-12475,proton,ok,http://www.sr-niel.org/Simulation/838674niel_p.html,omere_inputs/Bi4Te7Pb_JVASP-12475_p_NIEL.dat,raw_srniel_tables/Bi4Te7Pb_JVASP-12475_p_srniel.csv,Bi;Te;Pb,4;7;1,8;5.5;8,True,"{""AddEnergy"": """", ""Emax"": ""10000"", ""Emin"": ""0.0001"", ""Fluence"": ""1"", ""Ionmodel"": ""1"", ""NELEM"": ""3"", ""Scale"": ""0"", ""Stoich1"": ""4"", ""Stoich2"": ""7"", ""Stoich3"": ""1"", ""TARGET"": ""0"", ""Th1"": ""8"", ""Th2"": ""5.5"", ""Th3"": ""8"", ""Z1"": ""83"", ""Z2"": ""52"", ""Z3"": ""82"", ""Zi"": ""1"", ""formSubmit"": ""CALCULATE""}",
Ca3PbO,JVASP-17656,electron,ok,http://www.sr-niel.org/Simulation/188248niel_e.html,omere_inputs/Ca3PbO_JVASP-17656_e_NIEL.dat,raw_srniel_tables/Ca3PbO_JVASP-17656_e_srniel.csv,Ca;Pb;O,3;1;1,8;8;28,True,"{""AddEnergy"": """", ""Emax"": ""100"", ""Emin"": ""0.04"", ""FF"": ""0"", ""Fluence"": ""1"", ""NELEM"": ""3"", ""Stoich1"": ""3"", ""Stoich2"": ""1"", ""Stoich3"": ""1"", ""TARGET"": ""0"", ""Th1"": ""8"", ""Th2"": ""8"", ""Th3"": ""28"", ""Z1"": ""20"", ""Z2"": ""82"", ""Z3"": ""8"", ""formSubmit"": ""CALCULATE""}",
Ca3PbO,JVASP-17656,proton,ok,http://www.sr-niel.org/Simulation/712302niel_p.html,omere_inputs/Ca3PbO_JVASP-17656_p_NIEL.dat,raw_srniel_tables/Ca3PbO_JVASP-17656_p_srniel.csv,Ca;Pb;O,3;1;1,8;8;28,True,"{""AddEnergy"": """", ""Emax"": ""10000"", ""Emin"": ""0.0001"", ""Fluence"": ""1"", ""Ionmodel"": ""1"", ""NELEM"": ""3"", ""Scale"": ""0"", ""Stoich1"": ""3"", ""Stoich2"": ""1"", ""Stoich3"": ""1"", ""TARGET"": ""0"", ""Th1"": ""8"", ""Th2"": ""8"", ""Th3"": ""28"", ""Z1"": ""20"", ""Z2"": ""82"", ""Z3"": ""8"", ""Zi"": ""1"", ""formSubmit"": ""CALCULATE""}",
Ca3SnH2,JVASP-37879,electron,ok,http://www.sr-niel.org/Simulation/475533niel_e.html,omere_inputs/Ca3SnH2_JVASP-37879_e_NIEL.dat,raw_srniel_tables/Ca3SnH2_JVASP-37879_e_srniel.csv,Ca;Sn;H,3;1;2,6.884;20.699;1.517,False,"{""AddEnergy"": """", ""Emax"": ""100"", ""Emin"": ""0.04"", ""FF"": ""0"", ""Fluence"": ""1"", ""NELEM"": ""3"", ""Stoich1"": ""3"", ""Stoich2"": ""1"", ""Stoich3"": ""2"", ""TARGET"": ""0"", ""Th1"": ""6.884"", ""Th2"": ""20.699"", ""Th3"": ""1.517"", ""Z1"": ""20"", ""Z2"": ""50"", ""Z3"": ""1"", ""formSubmit"": ""CALCULATE""}",
Ca3SnH2,JVASP-37879,proton,ok,http://www.sr-niel.org/Simulation/182135niel_p.html,omere_inputs/Ca3SnH2_JVASP-37879_p_NIEL.dat,raw_srniel_tables/Ca3SnH2_JVASP-37879_p_srniel.csv,Ca;Sn;H,3;1;2,6.884;20.699;1.517,False,"{""AddEnergy"": """", ""Emax"": ""10000"", ""Emin"": ""0.0001"", ""Fluence"": ""1"", ""Ionmodel"": ""1"", ""NELEM"": ""3"", ""Scale"": ""0"", ""Stoich1"": ""3"", ""Stoich2"": ""1"", ""Stoich3"": ""2"", ""TARGET"": ""0"", ""Th1"": ""6.884"", ""Th2"": ""20.699"", ""Th3"": ""1.517"", ""Z1"": ""20"", ""Z2"": ""50"", ""Z3"": ""1"", ""Zi"": ""1"", ""formSubmit"": ""CALCULATE""}",
CaSnS3,JVASP-40190,electron,ok,http://www.sr-niel.org/Simulation/222715niel_e.html,omere_inputs/CaSnS3_JVASP-40190_e_NIEL.dat,raw_srniel_tables/CaSnS3_JVASP-40190_e_srniel.csv,Ca;Sn;S,1;1;3,5.795;12;7.6,False,"{""AddEnergy"": """", ""Emax"": ""100"", ""Emin"": ""0.04"", ""FF"": ""0"", ""Fluence"": ""1"", ""NELEM"": ""3"", ""Stoich1"": ""1"", ""Stoich2"": ""1"", ""Stoich3"": ""3"", ""TARGET"": ""0"", ""Th1"": ""5.795"", ""Th2"": ""12"", ""Th3"": ""7.6"", ""Z1"": ""20"", ""Z2"": ""50"", ""Z3"": ""16"", ""formSubmit"": ""CALCULATE""}",
CaSnS3,JVASP-40190,proton,ok,http://www.sr-niel.org/Simulation/406615niel_p.html,omere_inputs/CaSnS3_JVASP-40190_p_NIEL.dat,raw_srniel_tables/CaSnS3_JVASP-40190_p_srniel.csv,Ca;Sn;S,1;1;3,5.795;12;7.6,False,"{""AddEnergy"": """", ""Emax"": ""10000"", ""Emin"": ""0.0001"", ""Fluence"": ""1"", ""Ionmodel"": ""1"", ""NELEM"": ""3"", ""Scale"": ""0"", ""Stoich1"": ""1"", ""Stoich2"": ""1"", ""Stoich3"": ""3"", ""TARGET"": ""0"", ""Th1"": ""5.795"", ""Th2"": ""12"", ""Th3"": ""7.6"", ""Z1"": ""20"", ""Z2"": ""50"", ""Z3"": ""16"", ""Zi"": ""1"", ""formSubmit"": ""CALCULATE""}",
Cd2GaAgSe4,JVASP-108799,electron,ok,http://www.sr-niel.org/Simulation/469740niel_e.html,omere_inputs/Cd2GaAgSe4_JVASP-108799_e_NIEL.dat,raw_srniel_tables/Cd2GaAgSe4_JVASP-108799_e_srniel.csv,Cd;Ga;Ag;Se,2;1;1;4,14.814;2.202;5.875;25.628,False,"{""AddEnergy"": """", ""Emax"": ""100"", ""Emin"": ""0.04"", ""FF"": ""0"", ""Fluence"": ""1"", ""NELEM"": ""4"", ""Stoich1"": ""2"", ""Stoich2"": ""1"", ""Stoich3"": ""1"", ""Stoich4"": ""4"", ""TARGET"": ""0"", ""Th1"": ""14.814"", ""Th2"": ""2.202"", ""Th3"": ""5.875"", ""Th4"": ""25.628"", ""Z1"": ""48"", ""Z2"": ""31"", ""Z3"": ""47"", ""Z4"": ""34"", ""formSubmit"": ""CALCULATE""}",
Cd2GaAgSe4,JVASP-108799,proton,ok,http://www.sr-niel.org/Simulation/876729niel_p.html,omere_inputs/Cd2GaAgSe4_JVASP-108799_p_NIEL.dat,raw_srniel_tables/Cd2GaAgSe4_JVASP-108799_p_srniel.csv,Cd;Ga;Ag;Se,2;1;1;4,14.814;2.202;5.875;25.628,False,"{""AddEnergy"": """", ""Emax"": ""10000"", ""Emin"": ""0.0001"", ""Fluence"": ""1"", ""Ionmodel"": ""1"", ""NELEM"": ""4"", ""Scale"": ""0"", ""Stoich1"": ""2"", ""Stoich2"": ""1"", ""Stoich3"": ""1"", ""Stoich4"": ""4"", ""TARGET"": ""0"", ""Th1"": ""14.814"", ""Th2"": ""2.202"", ""Th3"": ""5.875"", ""Th4"": ""25.628"", ""Z1"": ""48"", ""Z2"": ""31"", ""Z3"": ""47"", ""Z4"": ""34"", ""Zi"": ""1"", ""formSubmit"": ""CALCULATE""}",
CoC4N6,JVASP-59765,electron,ok,http://www.sr-niel.org/Simulation/840961niel_e.html,omere_inputs/CoC4N6_JVASP-59765_e_NIEL.dat,raw_srniel_tables/CoC4N6_JVASP-59765_e_srniel.csv,Co;C;N,1;4;6,22;37;22,True,"{""AddEnergy"": """", ""Emax"": ""100"", ""Emin"": ""0.04"", ""FF"": ""0"", ""Fluence"": ""1"", ""NELEM"": ""3"", ""Stoich1"": ""1"", ""Stoich2"": ""4"", ""Stoich3"": ""6"", ""TARGET"": ""0"", ""Th1"": ""22"", ""Th2"": ""37"", ""Th3"": ""22"", ""Z1"": ""27"", ""Z2"": ""6"", ""Z3"": ""7"", ""formSubmit"": ""CALCULATE""}",
CoC4N6,JVASP-59765,proton,ok,http://www.sr-niel.org/Simulation/951159niel_p.html,omere_inputs/CoC4N6_JVASP-59765_p_NIEL.dat,raw_srniel_tables/CoC4N6_JVASP-59765_p_srniel.csv,Co;C;N,1;4;6,22;37;22,True,"{""AddEnergy"": """", ""Emax"": ""10000"", ""Emin"": ""0.0001"", ""Fluence"": ""1"", ""Ionmodel"": ""1"", ""NELEM"": ""3"", ""Scale"": ""0"", ""Stoich1"": ""1"", ""Stoich2"": ""4"", ""Stoich3"": ""6"", ""TARGET"": ""0"", ""Th1"": ""22"", ""Th2"": ""37"", ""Th3"": ""22"", ""Z1"": ""27"", ""Z2"": ""6"", ""Z3"": ""7"", ""Zi"": ""1"", ""formSubmit"": ""CALCULATE""}",
CrO3,JVASP-44469,electron,ok,http://www.sr-niel.org/Simulation/531764niel_e.html,omere_inputs/CrO3_JVASP-44469_e_NIEL.dat,raw_srniel_tables/CrO3_JVASP-44469_e_srniel.csv,Cr;O,1;3,11.925;2.921,False,"{""AddEnergy"": """", ""Emax"": ""100"", ""Emin"": ""0.04"", ""FF"": ""0"", ""Fluence"": ""1"", ""NELEM"": ""2"", ""Stoich1"": ""1"", ""Stoich2"": ""3"", ""TARGET"": ""0"", ""Th1"": ""11.925"", ""Th2"": ""2.921"", ""Z1"": ""24"", ""Z2"": ""8"", ""formSubmit"": ""CALCULATE""}",
CrO3,JVASP-44469,proton,ok,http://www.sr-niel.org/Simulation/535077niel_p.html,omere_inputs/CrO3_JVASP-44469_p_NIEL.dat,raw_srniel_tables/CrO3_JVASP-44469_p_srniel.csv,Cr;O,1;3,11.925;2.921,False,"{""AddEnergy"": """", ""Emax"": ""10000"", ""Emin"": ""0.0001"", ""Fluence"": ""1"", ""Ionmodel"": ""1"", ""NELEM"": ""2"", ""Scale"": ""0"", ""Stoich1"": ""1"", ""Stoich2"": ""3"", ""TARGET"": ""0"", ""Th1"": ""11.925"", ""Th2"": ""2.921"", ""Z1"": ""24"", ""Z2"": ""8"", ""Zi"": ""1"", ""formSubmit"": ""CALCULATE""}",
Cu2SnSe3,JVASP-109764,electron,ok,http://www.sr-niel.org/Simulation/204504niel_e.html,omere_inputs/Cu2SnSe3_JVASP-109764_e_NIEL.dat,raw_srniel_tables/Cu2SnSe3_JVASP-109764_e_srniel.csv,Cu;Sn;Se,2;1;3,1.448;2.997;0.62,False,"{""AddEnergy"": """", ""Emax"": ""100"", ""Emin"": ""0.04"", ""FF"": ""0"", ""Fluence"": ""1"", ""NELEM"": ""3"", ""Stoich1"": ""2"", ""Stoich2"": ""1"", ""Stoich3"": ""3"", ""TARGET"": ""0"", ""Th1"": ""1.448"", ""Th2"": ""2.997"", ""Th3"": ""0.62"", ""Z1"": ""29"", ""Z2"": ""50"", ""Z3"": ""34"", ""formSubmit"": ""CALCULATE""}",
Cu2SnSe3,JVASP-109764,proton,ok,http://www.sr-niel.org/Simulation/332960niel_p.html,omere_inputs/Cu2SnSe3_JVASP-109764_p_NIEL.dat,raw_srniel_tables/Cu2SnSe3_JVASP-109764_p_srniel.csv,Cu;Sn;Se,2;1;3,1.448;2.997;0.62,False,"{""AddEnergy"": """", ""Emax"": ""10000"", ""Emin"": ""0.0001"", ""Fluence"": ""1"", ""Ionmodel"": ""1"", ""NELEM"": ""3"", ""Scale"": ""0"", ""Stoich1"": ""2"", ""Stoich2"": ""1"", ""Stoich3"": ""3"", ""TARGET"": ""0"", ""Th1"": ""1.448"", ""Th2"": ""2.997"", ""Th3"": ""0.62"", ""Z1"": ""29"", ""Z2"": ""50"", ""Z3"": ""34"", ""Zi"": ""1"", ""formSubmit"": ""CALCULATE""}",
CuAs2Pb6Cl7O6,JVASP-53178,electron,ok,http://www.sr-niel.org/Simulation/166707niel_e.html,omere_inputs/CuAs2Pb6Cl7O6_JVASP-53178_e_NIEL.dat,raw_srniel_tables/CuAs2Pb6Cl7O6_JVASP-53178_e_srniel.csv,Cu;As;Pb;Cl;O,1;2;6;7;6,1.032;7.905;9.406;8.419;4.314,False,"{""AddEnergy"": """", ""Emax"": ""100"", ""Emin"": ""0.04"", ""FF"": ""0"", ""Fluence"": ""1"", ""NELEM"": ""5"", ""Stoich1"": ""1"", ""Stoich2"": ""2"", ""Stoich3"": ""6"", ""Stoich4"": ""7"", ""Stoich5"": ""6"", ""TARGET"": ""0"", ""Th1"": ""1.032"", ""Th2"": ""7.905"", ""Th3"": ""9.406"", ""Th4"": ""8.419"", ""Th5"": ""4.314"", ""Z1"": ""29"", ""Z2"": ""33"", ""Z3"": ""82"", ""Z4"": ""17"", ""Z5"": ""8"", ""formSubmit"": ""CALCULATE""}",
CuAs2Pb6Cl7O6,JVASP-53178,proton,ok,http://www.sr-niel.org/Simulation/573313niel_p.html,omere_inputs/CuAs2Pb6Cl7O6_JVASP-53178_p_NIEL.dat,raw_srniel_tables/CuAs2Pb6Cl7O6_JVASP-53178_p_srniel.csv,Cu;As;Pb;Cl;O,1;2;6;7;6,1.032;7.905;9.406;8.419;4.314,False,"{""AddEnergy"": """", ""Emax"": ""10000"", ""Emin"": ""0.0001"", ""Fluence"": ""1"", ""Ionmodel"": ""1"", ""NELEM"": ""5"", ""Scale"": ""0"", ""Stoich1"": ""1"", ""Stoich2"": ""2"", ""Stoich3"": ""6"", ""Stoich4"": ""7"", ""Stoich5"": ""6"", ""TARGET"": ""0"", ""Th1"": ""1.032"", ""Th2"": ""7.905"", ""Th3"": ""9.406"", ""Th4"": ""8.419"", ""Th5"": ""4.314"", ""Z1"": ""29"", ""Z2"": ""33"", ""Z3"": ""82"", ""Z4"": ""17"", ""Z5"": ""8"", ""Zi"": ""1"", ""formSubmit"": ""CALCULATE""}",
Ga3BN4,JVASP-35152,electron,ok,http://www.sr-niel.org/Simulation/303385niel_e.html,omere_inputs/Ga3BN4_JVASP-35152_e_NIEL.dat,raw_srniel_tables/Ga3BN4_JVASP-35152_e_srniel.csv,Ga;B;N,3;1;4,10.808;8.338;8.691,False,"{""AddEnergy"": """", ""Emax"": ""100"", ""Emin"": ""0.04"", ""FF"": ""0"", ""Fluence"": ""1"", ""NELEM"": ""3"", ""Stoich1"": ""3"", ""Stoich2"": ""1"", ""Stoich3"": ""4"", ""TARGET"": ""0"", ""Th1"": ""10.808"", ""Th2"": ""8.338"", ""Th3"": ""8.691"", ""Z1"": ""31"", ""Z2"": ""5"", ""Z3"": ""7"", ""formSubmit"": ""CALCULATE""}",
Ga3BN4,JVASP-35152,proton,ok,http://www.sr-niel.org/Simulation/982307niel_p.html,omere_inputs/Ga3BN4_JVASP-35152_p_NIEL.dat,raw_srniel_tables/Ga3BN4_JVASP-35152_p_srniel.csv,Ga;B;N,3;1;4,10.808;8.338;8.691,False,"{""AddEnergy"": """", ""Emax"": ""10000"", ""Emin"": ""0.0001"", ""Fluence"": ""1"", ""Ionmodel"": ""1"", ""NELEM"": ""3"", ""Scale"": ""0"", ""Stoich1"": ""3"", ""Stoich2"": ""1"", ""Stoich3"": ""4"", ""TARGET"": ""0"", ""Th1"": ""10.808"", ""Th2"": ""8.338"", ""Th3"": ""8.691"", ""Z1"": ""31"", ""Z2"": ""5"", ""Z3"": ""7"", ""Zi"": ""1"", ""formSubmit"": ""CALCULATE""}",
GaAgP2Se6,JVASP-27498,electron,ok,http://www.sr-niel.org/Simulation/187810niel_e.html,omere_inputs/GaAgP2Se6_JVASP-27498_e_NIEL.dat,raw_srniel_tables/GaAgP2Se6_JVASP-27498_e_srniel.csv,Ga;Ag;P;Se,1;1;2;6,5.442;1.858;2.469;2.533,False,"{""AddEnergy"": """", ""Emax"": ""100"", ""Emin"": ""0.04"", ""FF"": ""0"", ""Fluence"": ""1"", ""NELEM"": ""4"", ""Stoich1"": ""1"", ""Stoich2"": ""1"", ""Stoich3"": ""2"", ""Stoich4"": ""6"", ""TARGET"": ""0"", ""Th1"": ""5.442"", ""Th2"": ""1.858"", ""Th3"": ""2.469"", ""Th4"": ""2.533"", ""Z1"": ""31"", ""Z2"": ""47"", ""Z3"": ""15"", ""Z4"": ""34"", ""formSubmit"": ""CALCULATE""}",
GaAgP2Se6,JVASP-27498,proton,ok,http://www.sr-niel.org/Simulation/405872niel_p.html,omere_inputs/GaAgP2Se6_JVASP-27498_p_NIEL.dat,raw_srniel_tables/GaAgP2Se6_JVASP-27498_p_srniel.csv,Ga;Ag;P;Se,1;1;2;6,5.442;1.858;2.469;2.533,False,"{""AddEnergy"": """", ""Emax"": ""10000"", ""Emin"": ""0.0001"", ""Fluence"": ""1"", ""Ionmodel"": ""1"", ""NELEM"": ""4"", ""Scale"": ""0"", ""Stoich1"": ""1"", ""Stoich2"": ""1"", ""Stoich3"": ""2"", ""Stoich4"": ""6"", ""TARGET"": ""0"", ""Th1"": ""5.442"", ""Th2"": ""1.858"", ""Th3"": ""2.469"", ""Th4"": ""2.533"", ""Z1"": ""31"", ""Z2"": ""47"", ""Z3"": ""15"", ""Z4"": ""34"", ""Zi"": ""1"", ""formSubmit"": ""CALCULATE""}",
GaAgTeSe,JVASP-109402,electron,ok,http://www.sr-niel.org/Simulation/211345niel_e.html,omere_inputs/GaAgTeSe_JVASP-109402_e_NIEL.dat,raw_srniel_tables/GaAgTeSe_JVASP-109402_e_srniel.csv,Ga;Ag;Te;Se,1;1;1;1,2.622;1.166;3.638;2.338,False,"{""AddEnergy"": """", ""Emax"": ""100"", ""Emin"": ""0.04"", ""FF"": ""0"", ""Fluence"": ""1"", ""NELEM"": ""4"", ""Stoich1"": ""1"", ""Stoich2"": ""1"", ""Stoich3"": ""1"", ""Stoich4"": ""1"", ""TARGET"": ""0"", ""Th1"": ""2.622"", ""Th2"": ""1.166"", ""Th3"": ""3.638"", ""Th4"": ""2.338"", ""Z1"": ""31"", ""Z2"": ""47"", ""Z3"": ""52"", ""Z4"": ""34"", ""formSubmit"": ""CALCULATE""}",
GaAgTeSe,JVASP-109402,proton,ok,http://www.sr-niel.org/Simulation/591162niel_p.html,omere_inputs/GaAgTeSe_JVASP-109402_p_NIEL.dat,raw_srniel_tables/GaAgTeSe_JVASP-109402_p_srniel.csv,Ga;Ag;Te;Se,1;1;1;1,2.622;1.166;3.638;2.338,False,"{""AddEnergy"": """", ""Emax"": ""10000"", ""Emin"": ""0.0001"", ""Fluence"": ""1"", ""Ionmodel"": ""1"", ""NELEM"": ""4"", ""Scale"": ""0"", ""Stoich1"": ""1"", ""Stoich2"": ""1"", ""Stoich3"": ""1"", ""Stoich4"": ""1"", ""TARGET"": ""0"", ""Th1"": ""2.622"", ""Th2"": ""1.166"", ""Th3"": ""3.638"", ""Th4"": ""2.338"", ""Z1"": ""31"", ""Z2"": ""47"", ""Z3"": ""52"", ""Z4"": ""34"", ""Zi"": ""1"", ""formSubmit"": ""CALCULATE""}",
HfS3,JVASP-8218,electron,ok,http://www.sr-niel.org/Simulation/165734niel_e.html,omere_inputs/HfS3_JVASP-8218_e_NIEL.dat,raw_srniel_tables/HfS3_JVASP-8218_e_srniel.csv,Hf;S,1;3,30;4.039,False,"{""AddEnergy"": """", ""Emax"": ""100"", ""Emin"": ""0.04"", ""FF"": ""0"", ""Fluence"": ""1"", ""NELEM"": ""2"", ""Stoich1"": ""1"", ""Stoich2"": ""3"", ""TARGET"": ""0"", ""Th1"": ""30"", ""Th2"": ""4.039"", ""Z1"": ""72"", ""Z2"": ""16"", ""formSubmit"": ""CALCULATE""}",
HfS3,JVASP-8218,proton,ok,http://www.sr-niel.org/Simulation/383503niel_p.html,omere_inputs/HfS3_JVASP-8218_p_NIEL.dat,raw_srniel_tables/HfS3_JVASP-8218_p_srniel.csv,Hf;S,1;3,30;4.039,False,"{""AddEnergy"": """", ""Emax"": ""10000"", ""Emin"": ""0.0001"", ""Fluence"": ""1"", ""Ionmodel"": ""1"", ""NELEM"": ""2"", ""Scale"": ""0"", ""Stoich1"": ""1"", ""Stoich2"": ""3"", ""TARGET"": ""0"", ""Th1"": ""30"", ""Th2"": ""4.039"", ""Z1"": ""72"", ""Z2"": ""16"", ""Zi"": ""1"", ""formSubmit"": ""CALCULATE""}",
Hg3Cl2O2,JVASP-12474,electron,ok,http://www.sr-niel.org/Simulation/224309niel_e.html,omere_inputs/Hg3Cl2O2_JVASP-12474_e_NIEL.dat,raw_srniel_tables/Hg3Cl2O2_JVASP-12474_e_srniel.csv,Hg;Cl;O,3;2;2,17.776;12.456;2.177,False,"{""AddEnergy"": """", ""Emax"": ""100"", ""Emin"": ""0.04"", ""FF"": ""0"", ""Fluence"": ""1"", ""NELEM"": ""3"", ""Stoich1"": ""3"", ""Stoich2"": ""2"", ""Stoich3"": ""2"", ""TARGET"": ""0"", ""Th1"": ""17.776"", ""Th2"": ""12.456"", ""Th3"": ""2.177"", ""Z1"": ""80"", ""Z2"": ""17"", ""Z3"": ""8"", ""formSubmit"": ""CALCULATE""}",
Hg3Cl2O2,JVASP-12474,proton,ok,http://www.sr-niel.org/Simulation/103162niel_p.html,omere_inputs/Hg3Cl2O2_JVASP-12474_p_NIEL.dat,raw_srniel_tables/Hg3Cl2O2_JVASP-12474_p_srniel.csv,Hg;Cl;O,3;2;2,17.776;12.456;2.177,False,"{""AddEnergy"": """", ""Emax"": ""10000"", ""Emin"": ""0.0001"", ""Fluence"": ""1"", ""Ionmodel"": ""1"", ""NELEM"": ""3"", ""Scale"": ""0"", ""Stoich1"": ""3"", ""Stoich2"": ""2"", ""Stoich3"": ""2"", ""TARGET"": ""0"", ""Th1"": ""17.776"", ""Th2"": ""12.456"", ""Th3"": ""2.177"", ""Z1"": ""80"", ""Z2"": ""17"", ""Z3"": ""8"", ""Zi"": ""1"", ""formSubmit"": ""CALCULATE""}",
HgSO4,JVASP-9390,electron,ok,http://www.sr-niel.org/Simulation/752433niel_e.html,omere_inputs/HgSO4_JVASP-9390_e_NIEL.dat,raw_srniel_tables/HgSO4_JVASP-9390_e_srniel.csv,Hg;S;O,1;1;4,27.053;3.01;2.315,False,"{""AddEnergy"": """", ""Emax"": ""100"", ""Emin"": ""0.04"", ""FF"": ""0"", ""Fluence"": ""1"", ""NELEM"": ""3"", ""Stoich1"": ""1"", ""Stoich2"": ""1"", ""Stoich3"": ""4"", ""TARGET"": ""0"", ""Th1"": ""27.053"", ""Th2"": ""3.01"", ""Th3"": ""2.315"", ""Z1"": ""80"", ""Z2"": ""16"", ""Z3"": ""8"", ""formSubmit"": ""CALCULATE""}",
HgSO4,JVASP-9390,proton,ok,http://www.sr-niel.org/Simulation/239141niel_p.html,omere_inputs/HgSO4_JVASP-9390_p_NIEL.dat,raw_srniel_tables/HgSO4_JVASP-9390_p_srniel.csv,Hg;S;O,1;1;4,27.053;3.01;2.315,False,"{""AddEnergy"": """", ""Emax"": ""10000"", ""Emin"": ""0.0001"", ""Fluence"": ""1"", ""Ionmodel"": ""1"", ""NELEM"": ""3"", ""Scale"": ""0"", ""Stoich1"": ""1"", ""Stoich2"": ""1"", ""Stoich3"": ""4"", ""TARGET"": ""0"", ""Th1"": ""27.053"", ""Th2"": ""3.01"", ""Th3"": ""2.315"", ""Z1"": ""80"", ""Z2"": ""16"", ""Z3"": ""8"", ""Zi"": ""1"", ""formSubmit"": ""CALCULATE""}",
HoSO,JVASP-46072,electron,ok,http://www.sr-niel.org/Simulation/924708niel_e.html,omere_inputs/HoSO_JVASP-46072_e_NIEL.dat,raw_srniel_tables/HoSO_JVASP-46072_e_srniel.csv,Ho;S;O,1;1;1,9;7.6;28,True,"{""AddEnergy"": """", ""Emax"": ""100"", ""Emin"": ""0.04"", ""FF"": ""0"", ""Fluence"": ""1"", ""NELEM"": ""3"", ""Stoich1"": ""1"", ""Stoich2"": ""1"", ""Stoich3"": ""1"", ""TARGET"": ""0"", ""Th1"": ""9"", ""Th2"": ""7.6"", ""Th3"": ""28"", ""Z1"": ""67"", ""Z2"": ""16"", ""Z3"": ""8"", ""formSubmit"": ""CALCULATE""}",
HoSO,JVASP-46072,proton,ok,http://www.sr-niel.org/Simulation/451118niel_p.html,omere_inputs/HoSO_JVASP-46072_p_NIEL.dat,raw_srniel_tables/HoSO_JVASP-46072_p_srniel.csv,Ho;S;O,1;1;1,9;7.6;28,True,"{""AddEnergy"": """", ""Emax"": ""10000"", ""Emin"": ""0.0001"", ""Fluence"": ""1"", ""Ionmodel"": ""1"", ""NELEM"": ""3"", ""Scale"": ""0"", ""Stoich1"": ""1"", ""Stoich2"": ""1"", ""Stoich3"": ""1"", ""TARGET"": ""0"", ""Th1"": ""9"", ""Th2"": ""7.6"", ""Th3"": ""28"", ""Z1"": ""67"", ""Z2"": ""16"", ""Z3"": ""8"", ""Zi"": ""1"", ""formSubmit"": ""CALCULATE""}",
InAgS2,JVASP-12383,electron,ok,http://www.sr-niel.org/Simulation/775175niel_e.html,omere_inputs/InAgS2_JVASP-12383_e_NIEL.dat,raw_srniel_tables/InAgS2_JVASP-12383_e_srniel.csv,In;Ag;S,1;1;2,39.49;2.877;9.262,False,"{""AddEnergy"": """", ""Emax"": ""100"", ""Emin"": ""0.04"", ""FF"": ""0"", ""Fluence"": ""1"", ""NELEM"": ""3"", ""Stoich1"": ""1"", ""Stoich2"": ""1"", ""Stoich3"": ""2"", ""TARGET"": ""0"", ""Th1"": ""39.49"", ""Th2"": ""2.877"", ""Th3"": ""9.262"", ""Z1"": ""49"", ""Z2"": ""47"", ""Z3"": ""16"", ""formSubmit"": ""CALCULATE""}",
InAgS2,JVASP-12383,proton,ok,http://www.sr-niel.org/Simulation/400872niel_p.html,omere_inputs/InAgS2_JVASP-12383_p_NIEL.dat,raw_srniel_tables/InAgS2_JVASP-12383_p_srniel.csv,In;Ag;S,1;1;2,39.49;2.877;9.262,False,"{""AddEnergy"": """", ""Emax"": ""10000"", ""Emin"": ""0.0001"", ""Fluence"": ""1"", ""Ionmodel"": ""1"", ""NELEM"": ""3"", ""Scale"": ""0"", ""Stoich1"": ""1"", ""Stoich2"": ""1"", ""Stoich3"": ""2"", ""TARGET"": ""0"", ""Th1"": ""39.49"", ""Th2"": ""2.877"", ""Th3"": ""9.262"", ""Z1"": ""49"", ""Z2"": ""47"", ""Z3"": ""16"", ""Zi"": ""1"", ""formSubmit"": ""CALCULATE""}",
InN,JVASP-17841,electron,ok,http://www.sr-niel.org/Simulation/941469niel_e.html,omere_inputs/InN_JVASP-17841_e_NIEL.dat,raw_srniel_tables/InN_JVASP-17841_e_srniel.csv,In;N,1;1,60.643;52.307,False,"{""AddEnergy"": """", ""Emax"": ""100"", ""Emin"": ""0.04"", ""FF"": ""0"", ""Fluence"": ""1"", ""NELEM"": ""2"", ""Stoich1"": ""1"", ""Stoich2"": ""1"", ""TARGET"": ""0"", ""Th1"": ""60.643"", ""Th2"": ""52.307"", ""Z1"": ""49"", ""Z2"": ""7"", ""formSubmit"": ""CALCULATE""}",
InN,JVASP-17841,proton,ok,http://www.sr-niel.org/Simulation/792523niel_p.html,omere_inputs/InN_JVASP-17841_p_NIEL.dat,raw_srniel_tables/InN_JVASP-17841_p_srniel.csv,In;N,1;1,60.643;52.307,False,"{""AddEnergy"": """", ""Emax"": ""10000"", ""Emin"": ""0.0001"", ""Fluence"": ""1"", ""Ionmodel"": ""1"", ""NELEM"": ""2"", ""Scale"": ""0"", ""Stoich1"": ""1"", ""Stoich2"": ""1"", ""TARGET"": ""0"", ""Th1"": ""60.643"", ""Th2"": ""52.307"", ""Z1"": ""49"", ""Z2"": ""7"", ""Zi"": ""1"", ""formSubmit"": ""CALCULATE""}",
InS,JVASP-51076,electron,ok,http://www.sr-niel.org/Simulation/989168niel_e.html,omere_inputs/InS_JVASP-51076_e_NIEL.dat,raw_srniel_tables/InS_JVASP-51076_e_srniel.csv,In;S,1;1,11.529;3.526,False,"{""AddEnergy"": """", ""Emax"": ""100"", ""Emin"": ""0.04"", ""FF"": ""0"", ""Fluence"": ""1"", ""NELEM"": ""2"", ""Stoich1"": ""1"", ""Stoich2"": ""1"", ""TARGET"": ""0"", ""Th1"": ""11.529"", ""Th2"": ""3.526"", ""Z1"": ""49"", ""Z2"": ""16"", ""formSubmit"": ""CALCULATE""}",
InS,JVASP-51076,proton,ok,http://www.sr-niel.org/Simulation/934998niel_p.html,omere_inputs/InS_JVASP-51076_p_NIEL.dat,raw_srniel_tables/InS_JVASP-51076_p_srniel.csv,In;S,1;1,11.529;3.526,False,"{""AddEnergy"": """", ""Emax"": ""10000"", ""Emin"": ""0.0001"", ""Fluence"": ""1"", ""Ionmodel"": ""1"", ""NELEM"": ""2"", ""Scale"": ""0"", ""Stoich1"": ""1"", ""Stoich2"": ""1"", ""TARGET"": ""0"", ""Th1"": ""11.529"", ""Th2"": ""3.526"", ""Z1"": ""49"", ""Z2"": ""16"", ""Zi"": ""1"", ""formSubmit"": ""CALCULATE""}",
KNO3,JVASP-53146,electron,ok,http://www.sr-niel.org/Simulation/836788niel_e.html,omere_inputs/KNO3_JVASP-53146_e_NIEL.dat,raw_srniel_tables/KNO3_JVASP-53146_e_srniel.csv,K;N;O,1;1;3,3.45;3.834;3.342,False,"{""AddEnergy"": """", ""Emax"": ""100"", ""Emin"": ""0.04"", ""FF"": ""0"", ""Fluence"": ""1"", ""NELEM"": ""3"", ""Stoich1"": ""1"", ""Stoich2"": ""1"", ""Stoich3"": ""3"", ""TARGET"": ""0"", ""Th1"": ""3.45"", ""Th2"": ""3.834"", ""Th3"": ""3.342"", ""Z1"": ""19"", ""Z2"": ""7"", ""Z3"": ""8"", ""formSubmit"": ""CALCULATE""}",
KNO3,JVASP-53146,proton,ok,http://www.sr-niel.org/Simulation/123293niel_p.html,omere_inputs/KNO3_JVASP-53146_p_NIEL.dat,raw_srniel_tables/KNO3_JVASP-53146_p_srniel.csv,K;N;O,1;1;3,3.45;3.834;3.342,False,"{""AddEnergy"": """", ""Emax"": ""10000"", ""Emin"": ""0.0001"", ""Fluence"": ""1"", ""Ionmodel"": ""1"", ""NELEM"": ""3"", ""Scale"": ""0"", ""Stoich1"": ""1"", ""Stoich2"": ""1"", ""Stoich3"": ""3"", ""TARGET"": ""0"", ""Th1"": ""3.45"", ""Th2"": ""3.834"", ""Th3"": ""3.342"", ""Z1"": ""19"", ""Z2"": ""7"", ""Z3"": ""8"", ""Zi"": ""1"", ""formSubmit"": ""CALCULATE""}",
KP,JVASP-10123,electron,ok,http://www.sr-niel.org/Simulation/291950niel_e.html,omere_inputs/KP_JVASP-10123_e_NIEL.dat,raw_srniel_tables/KP_JVASP-10123_e_srniel.csv,K;P,1;1,12.274;12.243,False,"{""AddEnergy"": """", ""Emax"": ""100"", ""Emin"": ""0.04"", ""FF"": ""0"", ""Fluence"": ""1"", ""NELEM"": ""2"", ""Stoich1"": ""1"", ""Stoich2"": ""1"", ""TARGET"": ""0"", ""Th1"": ""12.274"", ""Th2"": ""12.243"", ""Z1"": ""19"", ""Z2"": ""15"", ""formSubmit"": ""CALCULATE""}",
KP,JVASP-10123,proton,ok,http://www.sr-niel.org/Simulation/599756niel_p.html,omere_inputs/KP_JVASP-10123_p_NIEL.dat,raw_srniel_tables/KP_JVASP-10123_p_srniel.csv,K;P,1;1,12.274;12.243,False,"{""AddEnergy"": """", ""Emax"": ""10000"", ""Emin"": ""0.0001"", ""Fluence"": ""1"", ""Ionmodel"": ""1"", ""NELEM"": ""2"", ""Scale"": ""0"", ""Stoich1"": ""1"", ""Stoich2"": ""1"", ""TARGET"": ""0"", ""Th1"": ""12.274"", ""Th2"": ""12.243"", ""Z1"": ""19"", ""Z2"": ""15"", ""Zi"": ""1"", ""formSubmit"": ""CALCULATE""}",
Li3VB2O6,JVASP-40731,electron,ok,http://www.sr-niel.org/Simulation/459836niel_e.html,omere_inputs/Li3VB2O6_JVASP-40731_e_NIEL.dat,raw_srniel_tables/Li3VB2O6_JVASP-40731_e_srniel.csv,Li;V;B;O,3;1;2;6,12;28;22;28,True,"{""AddEnergy"": """", ""Emax"": ""100"", ""Emin"": ""0.04"", ""FF"": ""0"", ""Fluence"": ""1"", ""NELEM"": ""4"", ""Stoich1"": ""3"", ""Stoich2"": ""1"", ""Stoich3"": ""2"", ""Stoich4"": ""6"", ""TARGET"": ""0"", ""Th1"": ""12"", ""Th2"": ""28"", ""Th3"": ""22"", ""Th4"": ""28"", ""Z1"": ""3"", ""Z2"": ""23"", ""Z3"": ""5"", ""Z4"": ""8"", ""formSubmit"": ""CALCULATE""}",
Li3VB2O6,JVASP-40731,proton,ok,http://www.sr-niel.org/Simulation/104555niel_p.html,omere_inputs/Li3VB2O6_JVASP-40731_p_NIEL.dat,raw_srniel_tables/Li3VB2O6_JVASP-40731_p_srniel.csv,Li;V;B;O,3;1;2;6,12;28;22;28,True,"{""AddEnergy"": """", ""Emax"": ""10000"", ""Emin"": ""0.0001"", ""Fluence"": ""1"", ""Ionmodel"": ""1"", ""NELEM"": ""4"", ""Scale"": ""0"", ""Stoich1"": ""3"", ""Stoich2"": ""1"", ""Stoich3"": ""2"", ""Stoich4"": ""6"", ""TARGET"": ""0"", ""Th1"": ""12"", ""Th2"": ""28"", ""Th3"": ""22"", ""Th4"": ""28"", ""Z1"": ""3"", ""Z2"": ""23"", ""Z3"": ""5"", ""Z4"": ""8"", ""Zi"": ""1"", ""formSubmit"": ""CALCULATE""}",
Mg2Mo3O8,JVASP-19255,electron,ok,http://www.sr-niel.org/Simulation/865348niel_e.html,omere_inputs/Mg2Mo3O8_JVASP-19255_e_NIEL.dat,raw_srniel_tables/Mg2Mo3O8_JVASP-19255_e_srniel.csv,Mg;Mo;O,2;3;8,10;33;28,True,"{""AddEnergy"": """", ""Emax"": ""100"", ""Emin"": ""0.04"", ""FF"": ""0"", ""Fluence"": ""1"", ""NELEM"": ""3"", ""Stoich1"": ""2"", ""Stoich2"": ""3"", ""Stoich3"": ""8"", ""TARGET"": ""0"", ""Th1"": ""10"", ""Th2"": ""33"", ""Th3"": ""28"", ""Z1"": ""12"", ""Z2"": ""42"", ""Z3"": ""8"", ""formSubmit"": ""CALCULATE""}",
Mg2Mo3O8,JVASP-19255,proton,ok,http://www.sr-niel.org/Simulation/727819niel_p.html,omere_inputs/Mg2Mo3O8_JVASP-19255_p_NIEL.dat,raw_srniel_tables/Mg2Mo3O8_JVASP-19255_p_srniel.csv,Mg;Mo;O,2;3;8,10;33;28,True,"{""AddEnergy"": """", ""Emax"": ""10000"", ""Emin"": ""0.0001"", ""Fluence"": ""1"", ""Ionmodel"": ""1"", ""NELEM"": ""3"", ""Scale"": ""0"", ""Stoich1"": ""2"", ""Stoich2"": ""3"", ""Stoich3"": ""8"", ""TARGET"": ""0"", ""Th1"": ""10"", ""Th2"": ""33"", ""Th3"": ""28"", ""Z1"": ""12"", ""Z2"": ""42"", ""Z3"": ""8"", ""Zi"": ""1"", ""formSubmit"": ""CALCULATE""}",
MgCu2O4,JVASP-9884,electron,ok,http://www.sr-niel.org/Simulation/831908niel_e.html,omere_inputs/MgCu2O4_JVASP-9884_e_NIEL.dat,raw_srniel_tables/MgCu2O4_JVASP-9884_e_srniel.csv,Mg;Cu;O,1;2;4,6.26;3.435;3.802,False,"{""AddEnergy"": """", ""Emax"": ""100"", ""Emin"": ""0.04"", ""FF"": ""0"", ""Fluence"": ""1"", ""NELEM"": ""3"", ""Stoich1"": ""1"", ""Stoich2"": ""2"", ""Stoich3"": ""4"", ""TARGET"": ""0"", ""Th1"": ""6.26"", ""Th2"": ""3.435"", ""Th3"": ""3.802"", ""Z1"": ""12"", ""Z2"": ""29"", ""Z3"": ""8"", ""formSubmit"": ""CALCULATE""}",
MgCu2O4,JVASP-9884,proton,ok,http://www.sr-niel.org/Simulation/994491niel_p.html,omere_inputs/MgCu2O4_JVASP-9884_p_NIEL.dat,raw_srniel_tables/MgCu2O4_JVASP-9884_p_srniel.csv,Mg;Cu;O,1;2;4,6.26;3.435;3.802,False,"{""AddEnergy"": """", ""Emax"": ""10000"", ""Emin"": ""0.0001"", ""Fluence"": ""1"", ""Ionmodel"": ""1"", ""NELEM"": ""3"", ""Scale"": ""0"", ""Stoich1"": ""1"", ""Stoich2"": ""2"", ""Stoich3"": ""4"", ""TARGET"": ""0"", ""Th1"": ""6.26"", ""Th2"": ""3.435"", ""Th3"": ""3.802"", ""Z1"": ""12"", ""Z2"": ""29"", ""Z3"": ""8"", ""Zi"": ""1"", ""formSubmit"": ""CALCULATE""}",
MgCu2O4,JVASP-9908,electron,ok,http://www.sr-niel.org/Simulation/316911niel_e.html,omere_inputs/MgCu2O4_JVASP-9908_e_NIEL.dat,raw_srniel_tables/MgCu2O4_JVASP-9908_e_srniel.csv,Mg;Cu;O,1;2;4,15.298;8.614;4.661,False,"{""AddEnergy"": """", ""Emax"": ""100"", ""Emin"": ""0.04"", ""FF"": ""0"", ""Fluence"": ""1"", ""NELEM"": ""3"", ""Stoich1"": ""1"", ""Stoich2"": ""2"", ""Stoich3"": ""4"", ""TARGET"": ""0"", ""Th1"": ""15.298"", ""Th2"": ""8.614"", ""Th3"": ""4.661"", ""Z1"": ""12"", ""Z2"": ""29"", ""Z3"": ""8"", ""formSubmit"": ""CALCULATE""}",
MgCu2O4,JVASP-9908,proton,ok,http://www.sr-niel.org/Simulation/379124niel_p.html,omere_inputs/MgCu2O4_JVASP-9908_p_NIEL.dat,raw_srniel_tables/MgCu2O4_JVASP-9908_p_srniel.csv,Mg;Cu;O,1;2;4,15.298;8.614;4.661,False,"{""AddEnergy"": """", ""Emax"": ""10000"", ""Emin"": ""0.0001"", ""Fluence"": ""1"", ""Ionmodel"": ""1"", ""NELEM"": ""3"", ""Scale"": ""0"", ""Stoich1"": ""1"", ""Stoich2"": ""2"", ""Stoich3"": ""4"", ""TARGET"": ""0"", ""Th1"": ""15.298"", ""Th2"": ""8.614"", ""Th3"": ""4.661"", ""Z1"": ""12"", ""Z2"": ""29"", ""Z3"": ""8"", ""Zi"": ""1"", ""formSubmit"": ""CALCULATE""}",
MoH2O4,JVASP-54713,electron,ok,http://www.sr-niel.org/Simulation/605248niel_e.html,omere_inputs/MoH2O4_JVASP-54713_e_NIEL.dat,raw_srniel_tables/MoH2O4_JVASP-54713_e_srniel.csv,Mo;H;O,1;2;4,2.272;1.679;6.718,False,"{""AddEnergy"": """", ""Emax"": ""100"", ""Emin"": ""0.04"", ""FF"": ""0"", ""Fluence"": ""1"", ""NELEM"": ""3"", ""Stoich1"": ""1"", ""Stoich2"": ""2"", ""Stoich3"": ""4"", ""TARGET"": ""0"", ""Th1"": ""2.272"", ""Th2"": ""1.679"", ""Th3"": ""6.718"", ""Z1"": ""42"", ""Z2"": ""1"", ""Z3"": ""8"", ""formSubmit"": ""CALCULATE""}",
MoH2O4,JVASP-54713,proton,ok,http://www.sr-niel.org/Simulation/919012niel_p.html,omere_inputs/MoH2O4_JVASP-54713_p_NIEL.dat,raw_srniel_tables/MoH2O4_JVASP-54713_p_srniel.csv,Mo;H;O,1;2;4,2.272;1.679;6.718,False,"{""AddEnergy"": """", ""Emax"": ""10000"", ""Emin"": ""0.0001"", ""Fluence"": ""1"", ""Ionmodel"": ""1"", ""NELEM"": ""3"", ""Scale"": ""0"", ""Stoich1"": ""1"", ""Stoich2"": ""2"", ""Stoich3"": ""4"", ""TARGET"": ""0"", ""Th1"": ""2.272"", ""Th2"": ""1.679"", ""Th3"": ""6.718"", ""Z1"": ""42"", ""Z2"": ""1"", ""Z3"": ""8"", ""Zi"": ""1"", ""formSubmit"": ""CALCULATE""}",
MoWSe2S2,JVASP-28698,electron,ok,http://www.sr-niel.org/Simulation/472025niel_e.html,omere_inputs/MoWSe2S2_JVASP-28698_e_NIEL.dat,raw_srniel_tables/MoWSe2S2_JVASP-28698_e_srniel.csv,Mo;W;Se;S,1;1;2;2,33;55;7.4;7.6,True,"{""AddEnergy"": """", ""Emax"": ""100"", ""Emin"": ""0.04"", ""FF"": ""0"", ""Fluence"": ""1"", ""NELEM"": ""4"", ""Stoich1"": ""1"", ""Stoich2"": ""1"", ""Stoich3"": ""2"", ""Stoich4"": ""2"", ""TARGET"": ""0"", ""Th1"": ""33"", ""Th2"": ""55"", ""Th3"": ""7.4"", ""Th4"": ""7.6"", ""Z1"": ""42"", ""Z2"": ""74"", ""Z3"": ""34"", ""Z4"": ""16"", ""formSubmit"": ""CALCULATE""}",
MoWSe2S2,JVASP-28698,proton,ok,http://www.sr-niel.org/Simulation/890631niel_p.html,omere_inputs/MoWSe2S2_JVASP-28698_p_NIEL.dat,raw_srniel_tables/MoWSe2S2_JVASP-28698_p_srniel.csv,Mo;W;Se;S,1;1;2;2,33;55;7.4;7.6,True,"{""AddEnergy"": """", ""Emax"": ""10000"", ""Emin"": ""0.0001"", ""Fluence"": ""1"", ""Ionmodel"": ""1"", ""NELEM"": ""4"", ""Scale"": ""0"", ""Stoich1"": ""1"", ""Stoich2"": ""1"", ""Stoich3"": ""2"", ""Stoich4"": ""2"", ""TARGET"": ""0"", ""Th1"": ""33"", ""Th2"": ""55"", ""Th3"": ""7.4"", ""Th4"": ""7.6"", ""Z1"": ""42"", ""Z2"": ""74"", ""Z3"": ""34"", ""Z4"": ""16"", ""Zi"": ""1"", ""formSubmit"": ""CALCULATE""}",
Na2GaNiF7,JVASP-57312,electron,ok,http://www.sr-niel.org/Simulation/369277niel_e.html,omere_inputs/Na2GaNiF7_JVASP-57312_e_NIEL.dat,raw_srniel_tables/Na2GaNiF7_JVASP-57312_e_srniel.csv,Na;Ga;Ni;F,2;1;1;7,8;9.4;23;15,True,"{""AddEnergy"": """", ""Emax"": ""100"", ""Emin"": ""0.04"", ""FF"": ""0"", ""Fluence"": ""1"", ""NELEM"": ""4"", ""Stoich1"": ""2"", ""Stoich2"": ""1"", ""Stoich3"": ""1"", ""Stoich4"": ""7"", ""TARGET"": ""0"", ""Th1"": ""8"", ""Th2"": ""9.4"", ""Th3"": ""23"", ""Th4"": ""15"", ""Z1"": ""11"", ""Z2"": ""31"", ""Z3"": ""28"", ""Z4"": ""9"", ""formSubmit"": ""CALCULATE""}",
Na2GaNiF7,JVASP-57312,proton,ok,http://www.sr-niel.org/Simulation/188982niel_p.html,omere_inputs/Na2GaNiF7_JVASP-57312_p_NIEL.dat,raw_srniel_tables/Na2GaNiF7_JVASP-57312_p_srniel.csv,Na;Ga;Ni;F,2;1;1;7,8;9.4;23;15,True,"{""AddEnergy"": """", ""Emax"": ""10000"", ""Emin"": ""0.0001"", ""Fluence"": ""1"", ""Ionmodel"": ""1"", ""NELEM"": ""4"", ""Scale"": ""0"", ""Stoich1"": ""2"", ""Stoich2"": ""1"", ""Stoich3"": ""1"", ""Stoich4"": ""7"", ""TARGET"": ""0"", ""Th1"": ""8"", ""Th2"": ""9.4"", ""Th3"": ""23"", ""Th4"": ""15"", ""Z1"": ""11"", ""Z2"": ""31"", ""Z3"": ""28"", ""Z4"": ""9"", ""Zi"": ""1"", ""formSubmit"": ""CALCULATE""}",
Na2WO4,JVASP-11669,electron,ok,http://www.sr-niel.org/Simulation/917499niel_e.html,omere_inputs/Na2WO4_JVASP-11669_e_NIEL.dat,raw_srniel_tables/Na2WO4_JVASP-11669_e_srniel.csv,Na;W;O,2;1;4,27.677;19.987;7.052,False,"{""AddEnergy"": """", ""Emax"": ""100"", ""Emin"": ""0.04"", ""FF"": ""0"", ""Fluence"": ""1"", ""NELEM"": ""3"", ""Stoich1"": ""2"", ""Stoich2"": ""1"", ""Stoich3"": ""4"", ""TARGET"": ""0"", ""Th1"": ""27.677"", ""Th2"": ""19.987"", ""Th3"": ""7.052"", ""Z1"": ""11"", ""Z2"": ""74"", ""Z3"": ""8"", ""formSubmit"": ""CALCULATE""}",
Na2WO4,JVASP-11669,proton,ok,http://www.sr-niel.org/Simulation/672769niel_p.html,omere_inputs/Na2WO4_JVASP-11669_p_NIEL.dat,raw_srniel_tables/Na2WO4_JVASP-11669_p_srniel.csv,Na;W;O,2;1;4,27.677;19.987;7.052,False,"{""AddEnergy"": """", ""Emax"": ""10000"", ""Emin"": ""0.0001"", ""Fluence"": ""1"", ""Ionmodel"": ""1"", ""NELEM"": ""3"", ""Scale"": ""0"", ""Stoich1"": ""2"", ""Stoich2"": ""1"", ""Stoich3"": ""4"", ""TARGET"": ""0"", ""Th1"": ""27.677"", ""Th2"": ""19.987"", ""Th3"": ""7.052"", ""Z1"": ""11"", ""Z2"": ""74"", ""Z3"": ""8"", ""Zi"": ""1"", ""formSubmit"": ""CALCULATE""}",
Na3VS3O,JVASP-12252,electron,ok,http://www.sr-niel.org/Simulation/771873niel_e.html,omere_inputs/Na3VS3O_JVASP-12252_e_NIEL.dat,raw_srniel_tables/Na3VS3O_JVASP-12252_e_srniel.csv,Na;V;S;O,3;1;3;1,5.67;2.908;5.331;5.272,False,"{""AddEnergy"": """", ""Emax"": ""100"", ""Emin"": ""0.04"", ""FF"": ""0"", ""Fluence"": ""1"", ""NELEM"": ""4"", ""Stoich1"": ""3"", ""Stoich2"": ""1"", ""Stoich3"": ""3"", ""Stoich4"": ""1"", ""TARGET"": ""0"", ""Th1"": ""5.67"", ""Th2"": ""2.908"", ""Th3"": ""5.331"", ""Th4"": ""5.272"", ""Z1"": ""11"", ""Z2"": ""23"", ""Z3"": ""16"", ""Z4"": ""8"", ""formSubmit"": ""CALCULATE""}",
Na3VS3O,JVASP-12252,proton,ok,http://www.sr-niel.org/Simulation/831672niel_p.html,omere_inputs/Na3VS3O_JVASP-12252_p_NIEL.dat,raw_srniel_tables/Na3VS3O_JVASP-12252_p_srniel.csv,Na;V;S;O,3;1;3;1,5.67;2.908;5.331;5.272,False,"{""AddEnergy"": """", ""Emax"": ""10000"", ""Emin"": ""0.0001"", ""Fluence"": ""1"", ""Ionmodel"": ""1"", ""NELEM"": ""4"", ""Scale"": ""0"", ""Stoich1"": ""3"", ""Stoich2"": ""1"", ""Stoich3"": ""3"", ""Stoich4"": ""1"", ""TARGET"": ""0"", ""Th1"": ""5.67"", ""Th2"": ""2.908"", ""Th3"": ""5.331"", ""Th4"": ""5.272"", ""Z1"": ""11"", ""Z2"": ""23"", ""Z3"": ""16"", ""Z4"": ""8"", ""Zi"": ""1"", ""formSubmit"": ""CALCULATE""}",
NaS,JVASP-9152,electron,ok,http://www.sr-niel.org/Simulation/925183niel_e.html,omere_inputs/NaS_JVASP-9152_e_NIEL.dat,raw_srniel_tables/NaS_JVASP-9152_e_srniel.csv,Na;S,1;1,2.013;0.802,False,"{""AddEnergy"": """", ""Emax"": ""100"", ""Emin"": ""0.04"", ""FF"": ""0"", ""Fluence"": ""1"", ""NELEM"": ""2"", ""Stoich1"": ""1"", ""Stoich2"": ""1"", ""TARGET"": ""0"", ""Th1"": ""2.013"", ""Th2"": ""0.802"", ""Z1"": ""11"", ""Z2"": ""16"", ""formSubmit"": ""CALCULATE""}",
NaS,JVASP-9152,proton,ok,http://www.sr-niel.org/Simulation/541873niel_p.html,omere_inputs/NaS_JVASP-9152_p_NIEL.dat,raw_srniel_tables/NaS_JVASP-9152_p_srniel.csv,Na;S,1;1,2.013;0.802,False,"{""AddEnergy"": """", ""Emax"": ""10000"", ""Emin"": ""0.0001"", ""Fluence"": ""1"", ""Ionmodel"": ""1"", ""NELEM"": ""2"", ""Scale"": ""0"", ""Stoich1"": ""1"", ""Stoich2"": ""1"", ""TARGET"": ""0"", ""Th1"": ""2.013"", ""Th2"": ""0.802"", ""Z1"": ""11"", ""Z2"": ""16"", ""Zi"": ""1"", ""formSubmit"": ""CALCULATE""}",
NbBi3O7,JVASP-13254,electron,ok,http://www.sr-niel.org/Simulation/532218niel_e.html,omere_inputs/NbBi3O7_JVASP-13254_e_NIEL.dat,raw_srniel_tables/NbBi3O7_JVASP-13254_e_srniel.csv,Nb;Bi;O,1;3;7,1.558;57.752;0.691,False,"{""AddEnergy"": """", ""Emax"": ""100"", ""Emin"": ""0.04"", ""FF"": ""0"", ""Fluence"": ""1"", ""NELEM"": ""3"", ""Stoich1"": ""1"", ""Stoich2"": ""3"", ""Stoich3"": ""7"", ""TARGET"": ""0"", ""Th1"": ""1.558"", ""Th2"": ""57.752"", ""Th3"": ""0.691"", ""Z1"": ""41"", ""Z2"": ""83"", ""Z3"": ""8"", ""formSubmit"": ""CALCULATE""}",
NbBi3O7,JVASP-13254,proton,ok,http://www.sr-niel.org/Simulation/110232niel_p.html,omere_inputs/NbBi3O7_JVASP-13254_p_NIEL.dat,raw_srniel_tables/NbBi3O7_JVASP-13254_p_srniel.csv,Nb;Bi;O,1;3;7,1.558;57.752;0.691,False,"{""AddEnergy"": """", ""Emax"": ""10000"", ""Emin"": ""0.0001"", ""Fluence"": ""1"", ""Ionmodel"": ""1"", ""NELEM"": ""3"", ""Scale"": ""0"", ""Stoich1"": ""1"", ""Stoich2"": ""3"", ""Stoich3"": ""7"", ""TARGET"": ""0"", ""Th1"": ""1.558"", ""Th2"": ""57.752"", ""Th3"": ""0.691"", ""Z1"": ""41"", ""Z2"": ""83"", ""Z3"": ""8"", ""Zi"": ""1"", ""formSubmit"": ""CALCULATE""}",
NbS2,JVASP-574,electron,ok,http://www.sr-niel.org/Simulation/991702niel_e.html,omere_inputs/NbS2_JVASP-574_e_NIEL.dat,raw_srniel_tables/NbS2_JVASP-574_e_srniel.csv,Nb;S,1;2,28;7.6,True,"{""AddEnergy"": """", ""Emax"": ""100"", ""Emin"": ""0.04"", ""FF"": ""0"", ""Fluence"": ""1"", ""NELEM"": ""2"", ""Stoich1"": ""1"", ""Stoich2"": ""2"", ""TARGET"": ""0"", ""Th1"": ""28"", ""Th2"": ""7.6"", ""Z1"": ""41"", ""Z2"": ""16"", ""formSubmit"": ""CALCULATE""}",
NbS2,JVASP-574,proton,ok,http://www.sr-niel.org/Simulation/978176niel_p.html,omere_inputs/NbS2_JVASP-574_p_NIEL.dat,raw_srniel_tables/NbS2_JVASP-574_p_srniel.csv,Nb;S,1;2,28;7.6,True,"{""AddEnergy"": """", ""Emax"": ""10000"", ""Emin"": ""0.0001"", ""Fluence"": ""1"", ""Ionmodel"": ""1"", ""NELEM"": ""2"", ""Scale"": ""0"", ""Stoich1"": ""1"", ""Stoich2"": ""2"", ""TARGET"": ""0"", ""Th1"": ""28"", ""Th2"": ""7.6"", ""Z1"": ""41"", ""Z2"": ""16"", ""Zi"": ""1"", ""formSubmit"": ""CALCULATE""}",
P2Se5,JVASP-5590,electron,ok,http://www.sr-niel.org/Simulation/973511niel_e.html,omere_inputs/P2Se5_JVASP-5590_e_NIEL.dat,raw_srniel_tables/P2Se5_JVASP-5590_e_srniel.csv,P;Se,2;5,8.7;7.4,False,"{""AddEnergy"": """", ""Emax"": ""100"", ""Emin"": ""0.04"", ""FF"": ""0"", ""Fluence"": ""1"", ""NELEM"": ""2"", ""Stoich1"": ""2"", ""Stoich2"": ""5"", ""TARGET"": ""0"", ""Th1"": ""8.7"", ""Th2"": ""7.4"", ""Z1"": ""15"", ""Z2"": ""34"", ""formSubmit"": ""CALCULATE""}",
P2Se5,JVASP-5590,proton,ok,http://www.sr-niel.org/Simulation/145524niel_p.html,omere_inputs/P2Se5_JVASP-5590_p_NIEL.dat,raw_srniel_tables/P2Se5_JVASP-5590_p_srniel.csv,P;Se,2;5,8.7;7.4,False,"{""AddEnergy"": """", ""Emax"": ""10000"", ""Emin"": ""0.0001"", ""Fluence"": ""1"", ""Ionmodel"": ""1"", ""NELEM"": ""2"", ""Scale"": ""0"", ""Stoich1"": ""2"", ""Stoich2"": ""5"", ""TARGET"": ""0"", ""Th1"": ""8.7"", ""Th2"": ""7.4"", ""Z1"": ""15"", ""Z2"": ""34"", ""Zi"": ""1"", ""formSubmit"": ""CALCULATE""}",
PbS,JVASP-17941,electron,ok,http://www.sr-niel.org/Simulation/650521niel_e.html,omere_inputs/PbS_JVASP-17941_e_NIEL.dat,raw_srniel_tables/PbS_JVASP-17941_e_srniel.csv,Pb;S,1;1,12.507;7.6,False,"{""AddEnergy"": """", ""Emax"": ""100"", ""Emin"": ""0.04"", ""FF"": ""0"", ""Fluence"": ""1"", ""NELEM"": ""2"", ""Stoich1"": ""1"", ""Stoich2"": ""1"", ""TARGET"": ""0"", ""Th1"": ""12.507"", ""Th2"": ""7.6"", ""Z1"": ""82"", ""Z2"": ""16"", ""formSubmit"": ""CALCULATE""}",
PbS,JVASP-17941,proton,ok,http://www.sr-niel.org/Simulation/176923niel_p.html,omere_inputs/PbS_JVASP-17941_p_NIEL.dat,raw_srniel_tables/PbS_JVASP-17941_p_srniel.csv,Pb;S,1;1,12.507;7.6,False,"{""AddEnergy"": """", ""Emax"": ""10000"", ""Emin"": ""0.0001"", ""Fluence"": ""1"", ""Ionmodel"": ""1"", ""NELEM"": ""2"", ""Scale"": ""0"", ""Stoich1"": ""1"", ""Stoich2"": ""1"", ""TARGET"": ""0"", ""Th1"": ""12.507"", ""Th2"": ""7.6"", ""Z1"": ""82"", ""Z2"": ""16"", ""Zi"": ""1"", ""formSubmit"": ""CALCULATE""}",
PtI2,JVASP-12896,electron,ok,http://www.sr-niel.org/Simulation/961199niel_e.html,omere_inputs/PtI2_JVASP-12896_e_NIEL.dat,raw_srniel_tables/PtI2_JVASP-12896_e_srniel.csv,Pt;I,1;2,6.913;10.106,False,"{""AddEnergy"": """", ""Emax"": ""100"", ""Emin"": ""0.04"", ""FF"": ""0"", ""Fluence"": ""1"", ""NELEM"": ""2"", ""Stoich1"": ""1"", ""Stoich2"": ""2"", ""TARGET"": ""0"", ""Th1"": ""6.913"", ""Th2"": ""10.106"", ""Z1"": ""78"", ""Z2"": ""53"", ""formSubmit"": ""CALCULATE""}",
PtI2,JVASP-12896,proton,ok,http://www.sr-niel.org/Simulation/456156niel_p.html,omere_inputs/PtI2_JVASP-12896_p_NIEL.dat,raw_srniel_tables/PtI2_JVASP-12896_p_srniel.csv,Pt;I,1;2,6.913;10.106,False,"{""AddEnergy"": """", ""Emax"": ""10000"", ""Emin"": ""0.0001"", ""Fluence"": ""1"", ""Ionmodel"": ""1"", ""NELEM"": ""2"", ""Scale"": ""0"", ""Stoich1"": ""1"", ""Stoich2"": ""2"", ""TARGET"": ""0"", ""Th1"": ""6.913"", ""Th2"": ""10.106"", ""Z1"": ""78"", ""Z2"": ""53"", ""Zi"": ""1"", ""formSubmit"": ""CALCULATE""}",
Rb2As3,JVASP-11390,electron,ok,http://www.sr-niel.org/Simulation/654970niel_e.html,omere_inputs/Rb2As3_JVASP-11390_e_NIEL.dat,raw_srniel_tables/Rb2As3_JVASP-11390_e_srniel.csv,Rb;As,2;3,3.146;5.88,False,"{""AddEnergy"": """", ""Emax"": ""100"", ""Emin"": ""0.04"", ""FF"": ""0"", ""Fluence"": ""1"", ""NELEM"": ""2"", ""Stoich1"": ""2"", ""Stoich2"": ""3"", ""TARGET"": ""0"", ""Th1"": ""3.146"", ""Th2"": ""5.88"", ""Z1"": ""37"", ""Z2"": ""33"", ""formSubmit"": ""CALCULATE""}",
Rb2As3,JVASP-11390,proton,ok,http://www.sr-niel.org/Simulation/871018niel_p.html,omere_inputs/Rb2As3_JVASP-11390_p_NIEL.dat,raw_srniel_tables/Rb2As3_JVASP-11390_p_srniel.csv,Rb;As,2;3,3.146;5.88,False,"{""AddEnergy"": """", ""Emax"": ""10000"", ""Emin"": ""0.0001"", ""Fluence"": ""1"", ""Ionmodel"": ""1"", ""NELEM"": ""2"", ""Scale"": ""0"", ""Stoich1"": ""2"", ""Stoich2"": ""3"", ""TARGET"": ""0"", ""Th1"": ""3.146"", ""Th2"": ""5.88"", ""Z1"": ""37"", ""Z2"": ""33"", ""Zi"": ""1"", ""formSubmit"": ""CALCULATE""}",
Rb4CuSi2O7,JVASP-25574,electron,ok,http://www.sr-niel.org/Simulation/818840niel_e.html,omere_inputs/Rb4CuSi2O7_JVASP-25574_e_NIEL.dat,raw_srniel_tables/Rb4CuSi2O7_JVASP-25574_e_srniel.csv,Rb;Cu;Si;O,4;1;2;7,5.5;19;20.5;28,True,"{""AddEnergy"": """", ""Emax"": ""100"", ""Emin"": ""0.04"", ""FF"": ""0"", ""Fluence"": ""1"", ""NELEM"": ""4"", ""Stoich1"": ""4"", ""Stoich2"": ""1"", ""Stoich3"": ""2"", ""Stoich4"": ""7"", ""TARGET"": ""0"", ""Th1"": ""5.5"", ""Th2"": ""19"", ""Th3"": ""20.5"", ""Th4"": ""28"", ""Z1"": ""37"", ""Z2"": ""29"", ""Z3"": ""14"", ""Z4"": ""8"", ""formSubmit"": ""CALCULATE""}",
Rb4CuSi2O7,JVASP-25574,proton,ok,http://www.sr-niel.org/Simulation/723274niel_p.html,omere_inputs/Rb4CuSi2O7_JVASP-25574_p_NIEL.dat,raw_srniel_tables/Rb4CuSi2O7_JVASP-25574_p_srniel.csv,Rb;Cu;Si;O,4;1;2;7,5.5;19;20.5;28,True,"{""AddEnergy"": """", ""Emax"": ""10000"", ""Emin"": ""0.0001"", ""Fluence"": ""1"", ""Ionmodel"": ""1"", ""NELEM"": ""4"", ""Scale"": ""0"", ""Stoich1"": ""4"", ""Stoich2"": ""1"", ""Stoich3"": ""2"", ""Stoich4"": ""7"", ""TARGET"": ""0"", ""Th1"": ""5.5"", ""Th2"": ""19"", ""Th3"": ""20.5"", ""Th4"": ""28"", ""Z1"": ""37"", ""Z2"": ""29"", ""Z3"": ""14"", ""Z4"": ""8"", ""Zi"": ""1"", ""formSubmit"": ""CALCULATE""}",
SCl2,JVASP-58833,electron,ok,http://www.sr-niel.org/Simulation/631610niel_e.html,omere_inputs/SCl2_JVASP-58833_e_NIEL.dat,raw_srniel_tables/SCl2_JVASP-58833_e_srniel.csv,S;Cl,1;2,6.36;4.261,False,"{""AddEnergy"": """", ""Emax"": ""100"", ""Emin"": ""0.04"", ""FF"": ""0"", ""Fluence"": ""1"", ""NELEM"": ""2"", ""Stoich1"": ""1"", ""Stoich2"": ""2"", ""TARGET"": ""0"", ""Th1"": ""6.36"", ""Th2"": ""4.261"", ""Z1"": ""16"", ""Z2"": ""17"", ""formSubmit"": ""CALCULATE""}",
SCl2,JVASP-58833,proton,ok,http://www.sr-niel.org/Simulation/678729niel_p.html,omere_inputs/SCl2_JVASP-58833_p_NIEL.dat,raw_srniel_tables/SCl2_JVASP-58833_p_srniel.csv,S;Cl,1;2,6.36;4.261,False,"{""AddEnergy"": """", ""Emax"": ""10000"", ""Emin"": ""0.0001"", ""Fluence"": ""1"", ""Ionmodel"": ""1"", ""NELEM"": ""2"", ""Scale"": ""0"", ""Stoich1"": ""1"", ""Stoich2"": ""2"", ""TARGET"": ""0"", ""Th1"": ""6.36"", ""Th2"": ""4.261"", ""Z1"": ""16"", ""Z2"": ""17"", ""Zi"": ""1"", ""formSubmit"": ""CALCULATE""}",
SbIrS,JVASP-10264,electron,ok,http://www.sr-niel.org/Simulation/507631niel_e.html,omere_inputs/SbIrS_JVASP-10264_e_NIEL.dat,raw_srniel_tables/SbIrS_JVASP-10264_e_srniel.csv,Sb;Ir;S,1;1;1,47.815;122.53;24.467,False,"{""AddEnergy"": """", ""Emax"": ""100"", ""Emin"": ""0.04"", ""FF"": ""0"", ""Fluence"": ""1"", ""NELEM"": ""3"", ""Stoich1"": ""1"", ""Stoich2"": ""1"", ""Stoich3"": ""1"", ""TARGET"": ""0"", ""Th1"": ""47.815"", ""Th2"": ""122.53"", ""Th3"": ""24.467"", ""Z1"": ""51"", ""Z2"": ""77"", ""Z3"": ""16"", ""formSubmit"": ""CALCULATE""}",
SbIrS,JVASP-10264,proton,ok,http://www.sr-niel.org/Simulation/367941niel_p.html,omere_inputs/SbIrS_JVASP-10264_p_NIEL.dat,raw_srniel_tables/SbIrS_JVASP-10264_p_srniel.csv,Sb;Ir;S,1;1;1,47.815;122.53;24.467,False,"{""AddEnergy"": """", ""Emax"": ""10000"", ""Emin"": ""0.0001"", ""Fluence"": ""1"", ""Ionmodel"": ""1"", ""NELEM"": ""3"", ""Scale"": ""0"", ""Stoich1"": ""1"", ""Stoich2"": ""1"", ""Stoich3"": ""1"", ""TARGET"": ""0"", ""Th1"": ""47.815"", ""Th2"": ""122.53"", ""Th3"": ""24.467"", ""Z1"": ""51"", ""Z2"": ""77"", ""Z3"": ""16"", ""Zi"": ""1"", ""formSubmit"": ""CALCULATE""}",
ScMo3O8,JVASP-12703,electron,ok,http://www.sr-niel.org/Simulation/673437niel_e.html,omere_inputs/ScMo3O8_JVASP-12703_e_NIEL.dat,raw_srniel_tables/ScMo3O8_JVASP-12703_e_srniel.csv,Sc;Mo;O,1;3;8,7.235;7.526;8.658,False,"{""AddEnergy"": """", ""Emax"": ""100"", ""Emin"": ""0.04"", ""FF"": ""0"", ""Fluence"": ""1"", ""NELEM"": ""3"", ""Stoich1"": ""1"", ""Stoich2"": ""3"", ""Stoich3"": ""8"", ""TARGET"": ""0"", ""Th1"": ""7.235"", ""Th2"": ""7.526"", ""Th3"": ""8.658"", ""Z1"": ""21"", ""Z2"": ""42"", ""Z3"": ""8"", ""formSubmit"": ""CALCULATE""}",
ScMo3O8,JVASP-12703,proton,ok,http://www.sr-niel.org/Simulation/788751niel_p.html,omere_inputs/ScMo3O8_JVASP-12703_p_NIEL.dat,raw_srniel_tables/ScMo3O8_JVASP-12703_p_srniel.csv,Sc;Mo;O,1;3;8,7.235;7.526;8.658,False,"{""AddEnergy"": """", ""Emax"": ""10000"", ""Emin"": ""0.0001"", ""Fluence"": ""1"", ""Ionmodel"": ""1"", ""NELEM"": ""3"", ""Scale"": ""0"", ""Stoich1"": ""1"", ""Stoich2"": ""3"", ""Stoich3"": ""8"", ""TARGET"": ""0"", ""Th1"": ""7.235"", ""Th2"": ""7.526"", ""Th3"": ""8.658"", ""Z1"": ""21"", ""Z2"": ""42"", ""Z3"": ""8"", ""Zi"": ""1"", ""formSubmit"": ""CALCULATE""}",
ScS,JVASP-19725,electron,ok,http://www.sr-niel.org/Simulation/264504niel_e.html,omere_inputs/ScS_JVASP-19725_e_NIEL.dat,raw_srniel_tables/ScS_JVASP-19725_e_srniel.csv,Sc;S,1;1,46.408;48.251,False,"{""AddEnergy"": """", ""Emax"": ""100"", ""Emin"": ""0.04"", ""FF"": ""0"", ""Fluence"": ""1"", ""NELEM"": ""2"", ""Stoich1"": ""1"", ""Stoich2"": ""1"", ""TARGET"": ""0"", ""Th1"": ""46.408"", ""Th2"": ""48.251"", ""Z1"": ""21"", ""Z2"": ""16"", ""formSubmit"": ""CALCULATE""}",
ScS,JVASP-19725,proton,ok,http://www.sr-niel.org/Simulation/242758niel_p.html,omere_inputs/ScS_JVASP-19725_p_NIEL.dat,raw_srniel_tables/ScS_JVASP-19725_p_srniel.csv,Sc;S,1;1,46.408;48.251,False,"{""AddEnergy"": """", ""Emax"": ""10000"", ""Emin"": ""0.0001"", ""Fluence"": ""1"", ""Ionmodel"": ""1"", ""NELEM"": ""2"", ""Scale"": ""0"", ""Stoich1"": ""1"", ""Stoich2"": ""1"", ""TARGET"": ""0"", ""Th1"": ""46.408"", ""Th2"": ""48.251"", ""Z1"": ""21"", ""Z2"": ""16"", ""Zi"": ""1"", ""formSubmit"": ""CALCULATE""}",
ScVO4,JVASP-11823,electron,ok,http://www.sr-niel.org/Simulation/688676niel_e.html,omere_inputs/ScVO4_JVASP-11823_e_NIEL.dat,raw_srniel_tables/ScVO4_JVASP-11823_e_srniel.csv,Sc;V;O,1;1;4,25;28;28,True,"{""AddEnergy"": """", ""Emax"": ""100"", ""Emin"": ""0.04"", ""FF"": ""0"", ""Fluence"": ""1"", ""NELEM"": ""3"", ""Stoich1"": ""1"", ""Stoich2"": ""1"", ""Stoich3"": ""4"", ""TARGET"": ""0"", ""Th1"": ""25"", ""Th2"": ""28"", ""Th3"": ""28"", ""Z1"": ""21"", ""Z2"": ""23"", ""Z3"": ""8"", ""formSubmit"": ""CALCULATE""}",
ScVO4,JVASP-11823,proton,ok,http://www.sr-niel.org/Simulation/267560niel_p.html,omere_inputs/ScVO4_JVASP-11823_p_NIEL.dat,raw_srniel_tables/ScVO4_JVASP-11823_p_srniel.csv,Sc;V;O,1;1;4,25;28;28,True,"{""AddEnergy"": """", ""Emax"": ""10000"", ""Emin"": ""0.0001"", ""Fluence"": ""1"", ""Ionmodel"": ""1"", ""NELEM"": ""3"", ""Scale"": ""0"", ""Stoich1"": ""1"", ""Stoich2"": ""1"", ""Stoich3"": ""4"", ""TARGET"": ""0"", ""Th1"": ""25"", ""Th2"": ""28"", ""Th3"": ""28"", ""Z1"": ""21"", ""Z2"": ""23"", ""Z3"": ""8"", ""Zi"": ""1"", ""formSubmit"": ""CALCULATE""}",
Si,JVASP-25415,electron,ok,http://www.sr-niel.org/Simulation/718130niel_e.html,omere_inputs/Si_JVASP-25415_e_NIEL.dat,raw_srniel_tables/Si_JVASP-25415_e_srniel.csv,Si,1,4.733,False,"{""AddEnergy"": """", ""Emax"": ""100"", ""Emin"": ""0.04"", ""FF"": ""0"", ""Fluence"": ""1"", ""NELEM"": ""1"", ""Stoich1"": ""1"", ""TARGET"": ""0"", ""Th1"": ""4.733"", ""Z1"": ""14"", ""formSubmit"": ""CALCULATE""}",
Si,JVASP-25415,proton,ok,http://www.sr-niel.org/Simulation/770572niel_p.html,omere_inputs/Si_JVASP-25415_p_NIEL.dat,raw_srniel_tables/Si_JVASP-25415_p_srniel.csv,Si,1,4.733,False,"{""AddEnergy"": """", ""Emax"": ""10000"", ""Emin"": ""0.0001"", ""Fluence"": ""1"", ""Ionmodel"": ""1"", ""NELEM"": ""1"", ""Scale"": ""0"", ""Stoich1"": ""1"", ""TARGET"": ""0"", ""Th1"": ""4.733"", ""Z1"": ""14"", ""Zi"": ""1"", ""formSubmit"": ""CALCULATE""}",
SrTaNO2,JVASP-109687,electron,ok,http://www.sr-niel.org/Simulation/252653niel_e.html,omere_inputs/SrTaNO2_JVASP-109687_e_NIEL.dat,raw_srniel_tables/SrTaNO2_JVASP-109687_e_srniel.csv,Sr;Ta;N;O,1;1;1;2,7;0.56;22;28,False,"{""AddEnergy"": """", ""Emax"": ""100"", ""Emin"": ""0.04"", ""FF"": ""0"", ""Fluence"": ""1"", ""NELEM"": ""4"", ""Stoich1"": ""1"", ""Stoich2"": ""1"", ""Stoich3"": ""1"", ""Stoich4"": ""2"", ""TARGET"": ""0"", ""Th1"": ""7"", ""Th2"": ""0.56"", ""Th3"": ""22"", ""Th4"": ""28"", ""Z1"": ""38"", ""Z2"": ""73"", ""Z3"": ""7"", ""Z4"": ""8"", ""formSubmit"": ""CALCULATE""}",
SrTaNO2,JVASP-109687,proton,ok,http://www.sr-niel.org/Simulation/301868niel_p.html,omere_inputs/SrTaNO2_JVASP-109687_p_NIEL.dat,raw_srniel_tables/SrTaNO2_JVASP-109687_p_srniel.csv,Sr;Ta;N;O,1;1;1;2,7;0.56;22;28,False,"{""AddEnergy"": """", ""Emax"": ""10000"", ""Emin"": ""0.0001"", ""Fluence"": ""1"", ""Ionmodel"": ""1"", ""NELEM"": ""4"", ""Scale"": ""0"", ""Stoich1"": ""1"", ""Stoich2"": ""1"", ""Stoich3"": ""1"", ""Stoich4"": ""2"", ""TARGET"": ""0"", ""Th1"": ""7"", ""Th2"": ""0.56"", ""Th3"": ""22"", ""Th4"": ""28"", ""Z1"": ""38"", ""Z2"": ""73"", ""Z3"": ""7"", ""Z4"": ""8"", ""Zi"": ""1"", ""formSubmit"": ""CALCULATE""}",
SrZrS3,JVASP-21271,electron,ok,http://www.sr-niel.org/Simulation/792176niel_e.html,omere_inputs/SrZrS3_JVASP-21271_e_NIEL.dat,raw_srniel_tables/SrZrS3_JVASP-21271_e_srniel.csv,Sr;Zr;S,1;1;3,19.813;20.172;21.908,False,"{""AddEnergy"": """", ""Emax"": ""100"", ""Emin"": ""0.04"", ""FF"": ""0"", ""Fluence"": ""1"", ""NELEM"": ""3"", ""Stoich1"": ""1"", ""Stoich2"": ""1"", ""Stoich3"": ""3"", ""TARGET"": ""0"", ""Th1"": ""19.813"", ""Th2"": ""20.172"", ""Th3"": ""21.908"", ""Z1"": ""38"", ""Z2"": ""40"", ""Z3"": ""16"", ""formSubmit"": ""CALCULATE""}",
SrZrS3,JVASP-21271,proton,ok,http://www.sr-niel.org/Simulation/724602niel_p.html,omere_inputs/SrZrS3_JVASP-21271_p_NIEL.dat,raw_srniel_tables/SrZrS3_JVASP-21271_p_srniel.csv,Sr;Zr;S,1;1;3,19.813;20.172;21.908,False,"{""AddEnergy"": """", ""Emax"": ""10000"", ""Emin"": ""0.0001"", ""Fluence"": ""1"", ""Ionmodel"": ""1"", ""NELEM"": ""3"", ""Scale"": ""0"", ""Stoich1"": ""1"", ""Stoich2"": ""1"", ""Stoich3"": ""3"", ""TARGET"": ""0"", ""Th1"": ""19.813"", ""Th2"": ""20.172"", ""Th3"": ""21.908"", ""Z1"": ""38"", ""Z2"": ""40"", ""Z3"": ""16"", ""Zi"": ""1"", ""formSubmit"": ""CALCULATE""}",
Ta2Te4Br10O,JVASP-31871,electron,ok,http://www.sr-niel.org/Simulation/231845niel_e.html,omere_inputs/Ta2Te4Br10O_JVASP-31871_e_NIEL.dat,raw_srniel_tables/Ta2Te4Br10O_JVASP-31871_e_srniel.csv,Ta;Te;Br;O,2;4;10;1,11.673;9.079;7.234;7.082,False,"{""AddEnergy"": """", ""Emax"": ""100"", ""Emin"": ""0.04"", ""FF"": ""0"", ""Fluence"": ""1"", ""NELEM"": ""4"", ""Stoich1"": ""2"", ""Stoich2"": ""4"", ""Stoich3"": ""10"", ""Stoich4"": ""1"", ""TARGET"": ""0"", ""Th1"": ""11.673"", ""Th2"": ""9.079"", ""Th3"": ""7.234"", ""Th4"": ""7.082"", ""Z1"": ""73"", ""Z2"": ""52"", ""Z3"": ""35"", ""Z4"": ""8"", ""formSubmit"": ""CALCULATE""}",
Ta2Te4Br10O,JVASP-31871,proton,ok,http://www.sr-niel.org/Simulation/577520niel_p.html,omere_inputs/Ta2Te4Br10O_JVASP-31871_p_NIEL.dat,raw_srniel_tables/Ta2Te4Br10O_JVASP-31871_p_srniel.csv,Ta;Te;Br;O,2;4;10;1,11.673;9.079;7.234;7.082,False,"{""AddEnergy"": """", ""Emax"": ""10000"", ""Emin"": ""0.0001"", ""Fluence"": ""1"", ""Ionmodel"": ""1"", ""NELEM"": ""4"", ""Scale"": ""0"", ""Stoich1"": ""2"", ""Stoich2"": ""4"", ""Stoich3"": ""10"", ""Stoich4"": ""1"", ""TARGET"": ""0"", ""Th1"": ""11.673"", ""Th2"": ""9.079"", ""Th3"": ""7.234"", ""Th4"": ""7.082"", ""Z1"": ""73"", ""Z2"": ""52"", ""Z3"": ""35"", ""Z4"": ""8"", ""Zi"": ""1"", ""formSubmit"": ""CALCULATE""}",
Te2Mo3WS6,JVASP-28699,electron,ok,http://www.sr-niel.org/Simulation/548734niel_e.html,omere_inputs/Te2Mo3WS6_JVASP-28699_e_NIEL.dat,raw_srniel_tables/Te2Mo3WS6_JVASP-28699_e_srniel.csv,Te;Mo;W;S,2;3;1;6,5.5;33;55;7.6,True,"{""AddEnergy"": """", ""Emax"": ""100"", ""Emin"": ""0.04"", ""FF"": ""0"", ""Fluence"": ""1"", ""NELEM"": ""4"", ""Stoich1"": ""2"", ""Stoich2"": ""3"", ""Stoich3"": ""1"", ""Stoich4"": ""6"", ""TARGET"": ""0"", ""Th1"": ""5.5"", ""Th2"": ""33"", ""Th3"": ""55"", ""Th4"": ""7.6"", ""Z1"": ""52"", ""Z2"": ""42"", ""Z3"": ""74"", ""Z4"": ""16"", ""formSubmit"": ""CALCULATE""}",
Te2Mo3WS6,JVASP-28699,proton,ok,http://www.sr-niel.org/Simulation/897043niel_p.html,omere_inputs/Te2Mo3WS6_JVASP-28699_p_NIEL.dat,raw_srniel_tables/Te2Mo3WS6_JVASP-28699_p_srniel.csv,Te;Mo;W;S,2;3;1;6,5.5;33;55;7.6,True,"{""AddEnergy"": """", ""Emax"": ""10000"", ""Emin"": ""0.0001"", ""Fluence"": ""1"", ""Ionmodel"": ""1"", ""NELEM"": ""4"", ""Scale"": ""0"", ""Stoich1"": ""2"", ""Stoich2"": ""3"", ""Stoich3"": ""1"", ""Stoich4"": ""6"", ""TARGET"": ""0"", ""Th1"": ""5.5"", ""Th2"": ""33"", ""Th3"": ""55"", ""Th4"": ""7.6"", ""Z1"": ""52"", ""Z2"": ""42"", ""Z3"": ""74"", ""Z4"": ""16"", ""Zi"": ""1"", ""formSubmit"": ""CALCULATE""}",
TeMoWSe3,JVASP-28952,electron,ok,http://www.sr-niel.org/Simulation/780101niel_e.html,omere_inputs/TeMoWSe3_JVASP-28952_e_NIEL.dat,raw_srniel_tables/TeMoWSe3_JVASP-28952_e_srniel.csv,Te;Mo;W;Se,1;1;1;3,5.5;33;55;7.4,True,"{""AddEnergy"": """", ""Emax"": ""100"", ""Emin"": ""0.04"", ""FF"": ""0"", ""Fluence"": ""1"", ""NELEM"": ""4"", ""Stoich1"": ""1"", ""Stoich2"": ""1"", ""Stoich3"": ""1"", ""Stoich4"": ""3"", ""TARGET"": ""0"", ""Th1"": ""5.5"", ""Th2"": ""33"", ""Th3"": ""55"", ""Th4"": ""7.4"", ""Z1"": ""52"", ""Z2"": ""42"", ""Z3"": ""74"", ""Z4"": ""34"", ""formSubmit"": ""CALCULATE""}",
TeMoWSe3,JVASP-28952,proton,ok,http://www.sr-niel.org/Simulation/596720niel_p.html,omere_inputs/TeMoWSe3_JVASP-28952_p_NIEL.dat,raw_srniel_tables/TeMoWSe3_JVASP-28952_p_srniel.csv,Te;Mo;W;Se,1;1;1;3,5.5;33;55;7.4,True,"{""AddEnergy"": """", ""Emax"": ""10000"", ""Emin"": ""0.0001"", ""Fluence"": ""1"", ""Ionmodel"": ""1"", ""NELEM"": ""4"", ""Scale"": ""0"", ""Stoich1"": ""1"", ""Stoich2"": ""1"", ""Stoich3"": ""1"", ""Stoich4"": ""3"", ""TARGET"": ""0"", ""Th1"": ""5.5"", ""Th2"": ""33"", ""Th3"": ""55"", ""Th4"": ""7.4"", ""Z1"": ""52"", ""Z2"": ""42"", ""Z3"": ""74"", ""Z4"": ""34"", ""Zi"": ""1"", ""formSubmit"": ""CALCULATE""}",
VRhO4,JVASP-42957,electron,ok,http://www.sr-niel.org/Simulation/792973niel_e.html,omere_inputs/VRhO4_JVASP-42957_e_NIEL.dat,raw_srniel_tables/VRhO4_JVASP-42957_e_srniel.csv,V;Rh;O,1;1;4,28;25;28,True,"{""AddEnergy"": """", ""Emax"": ""100"", ""Emin"": ""0.04"", ""FF"": ""0"", ""Fluence"": ""1"", ""NELEM"": ""3"", ""Stoich1"": ""1"", ""Stoich2"": ""1"", ""Stoich3"": ""4"", ""TARGET"": ""0"", ""Th1"": ""28"", ""Th2"": ""25"", ""Th3"": ""28"", ""Z1"": ""23"", ""Z2"": ""45"", ""Z3"": ""8"", ""formSubmit"": ""CALCULATE""}",
VRhO4,JVASP-42957,proton,ok,http://www.sr-niel.org/Simulation/289435niel_p.html,omere_inputs/VRhO4_JVASP-42957_p_NIEL.dat,raw_srniel_tables/VRhO4_JVASP-42957_p_srniel.csv,V;Rh;O,1;1;4,28;25;28,True,"{""AddEnergy"": """", ""Emax"": ""10000"", ""Emin"": ""0.0001"", ""Fluence"": ""1"", ""Ionmodel"": ""1"", ""NELEM"": ""3"", ""Scale"": ""0"", ""Stoich1"": ""1"", ""Stoich2"": ""1"", ""Stoich3"": ""4"", ""TARGET"": ""0"", ""Th1"": ""28"", ""Th2"": ""25"", ""Th3"": ""28"", ""Z1"": ""23"", ""Z2"": ""45"", ""Z3"": ""8"", ""Zi"": ""1"", ""formSubmit"": ""CALCULATE""}",
ZnBi2O5,JVASP-9800,electron,ok,http://www.sr-niel.org/Simulation/909078niel_e.html,omere_inputs/ZnBi2O5_JVASP-9800_e_NIEL.dat,raw_srniel_tables/ZnBi2O5_JVASP-9800_e_srniel.csv,Zn;Bi;O,1;2;5,10;8;28,False,"{""AddEnergy"": """", ""Emax"": ""100"", ""Emin"": ""0.04"", ""FF"": ""0"", ""Fluence"": ""1"", ""NELEM"": ""3"", ""Stoich1"": ""1"", ""Stoich2"": ""2"", ""Stoich3"": ""5"", ""TARGET"": ""0"", ""Th1"": ""10"", ""Th2"": ""8"", ""Th3"": ""28"", ""Z1"": ""30"", ""Z2"": ""83"", ""Z3"": ""8"", ""formSubmit"": ""CALCULATE""}",
ZnBi2O5,JVASP-9800,proton,ok,http://www.sr-niel.org/Simulation/894969niel_p.html,omere_inputs/ZnBi2O5_JVASP-9800_p_NIEL.dat,raw_srniel_tables/ZnBi2O5_JVASP-9800_p_srniel.csv,Zn;Bi;O,1;2;5,10;8;28,False,"{""AddEnergy"": """", ""Emax"": ""10000"", ""Emin"": ""0.0001"", ""Fluence"": ""1"", ""Ionmodel"": ""1"", ""NELEM"": ""3"", ""Scale"": ""0"", ""Stoich1"": ""1"", ""Stoich2"": ""2"", ""Stoich3"": ""5"", ""TARGET"": ""0"", ""Th1"": ""10"", ""Th2"": ""8"", ""Th3"": ""28"", ""Z1"": ""30"", ""Z2"": ""83"", ""Z3"": ""8"", ""Zi"": ""1"", ""formSubmit"": ""CALCULATE""}",
ZnGeN2,JVASP-9374,electron,ok,http://www.sr-niel.org/Simulation/255364niel_e.html,omere_inputs/ZnGeN2_JVASP-9374_e_NIEL.dat,raw_srniel_tables/ZnGeN2_JVASP-9374_e_srniel.csv,Zn;Ge;N,1;1;2,0.591;14.5;22,False,"{""AddEnergy"": """", ""Emax"": ""100"", ""Emin"": ""0.04"", ""FF"": ""0"", ""Fluence"": ""1"", ""NELEM"": ""3"", ""Stoich1"": ""1"", ""Stoich2"": ""1"", ""Stoich3"": ""2"", ""TARGET"": ""0"", ""Th1"": ""0.591"", ""Th2"": ""14.5"", ""Th3"": ""22"", ""Z1"": ""30"", ""Z2"": ""32"", ""Z3"": ""7"", ""formSubmit"": ""CALCULATE""}",
ZnGeN2,JVASP-9374,proton,ok,http://www.sr-niel.org/Simulation/423911niel_p.html,omere_inputs/ZnGeN2_JVASP-9374_p_NIEL.dat,raw_srniel_tables/ZnGeN2_JVASP-9374_p_srniel.csv,Zn;Ge;N,1;1;2,0.591;14.5;22,False,"{""AddEnergy"": """", ""Emax"": ""10000"", ""Emin"": ""0.0001"", ""Fluence"": ""1"", ""Ionmodel"": ""1"", ""NELEM"": ""3"", ""Scale"": ""0"", ""Stoich1"": ""1"", ""Stoich2"": ""1"", ""Stoich3"": ""2"", ""TARGET"": ""0"", ""Th1"": ""0.591"", ""Th2"": ""14.5"", ""Th3"": ""22"", ""Z1"": ""30"", ""Z2"": ""32"", ""Z3"": ""7"", ""Zi"": ""1"", ""formSubmit"": ""CALCULATE""}",
ZnO,JVASP-17188,electron,ok,http://www.sr-niel.org/Simulation/281560niel_e.html,omere_inputs/ZnO_JVASP-17188_e_NIEL.dat,raw_srniel_tables/ZnO_JVASP-17188_e_srniel.csv,Zn;O,1;1,10;28,True,"{""AddEnergy"": """", ""Emax"": ""100"", ""Emin"": ""0.04"", ""FF"": ""0"", ""Fluence"": ""1"", ""NELEM"": ""2"", ""Stoich1"": ""1"", ""Stoich2"": ""1"", ""TARGET"": ""0"", ""Th1"": ""10"", ""Th2"": ""28"", ""Z1"": ""30"", ""Z2"": ""8"", ""formSubmit"": ""CALCULATE""}",
ZnO,JVASP-17188,proton,ok,http://www.sr-niel.org/Simulation/534555niel_p.html,omere_inputs/ZnO_JVASP-17188_p_NIEL.dat,raw_srniel_tables/ZnO_JVASP-17188_p_srniel.csv,Zn;O,1;1,10;28,True,"{""AddEnergy"": """", ""Emax"": ""10000"", ""Emin"": ""0.0001"", ""Fluence"": ""1"", ""Ionmodel"": ""1"", ""NELEM"": ""2"", ""Scale"": ""0"", ""Stoich1"": ""1"", ""Stoich2"": ""1"", ""TARGET"": ""0"", ""Th1"": ""10"", ""Th2"": ""28"", ""Z1"": ""30"", ""Z2"": ""8"", ""Zi"": ""1"", ""formSubmit"": ""CALCULATE""}",
ZnS,JVASP-10591,electron,ok,http://www.sr-niel.org/Simulation/810182niel_e.html,omere_inputs/ZnS_JVASP-10591_e_NIEL.dat,raw_srniel_tables/ZnS_JVASP-10591_e_srniel.csv,Zn;S,1;1,4.311;24.075,False,"{""AddEnergy"": """", ""Emax"": ""100"", ""Emin"": ""0.04"", ""FF"": ""0"", ""Fluence"": ""1"", ""NELEM"": ""2"", ""Stoich1"": ""1"", ""Stoich2"": ""1"", ""TARGET"": ""0"", ""Th1"": ""4.311"", ""Th2"": ""24.075"", ""Z1"": ""30"", ""Z2"": ""16"", ""formSubmit"": ""CALCULATE""}",
ZnS,JVASP-10591,proton,ok,http://www.sr-niel.org/Simulation/659034niel_p.html,omere_inputs/ZnS_JVASP-10591_p_NIEL.dat,raw_srniel_tables/ZnS_JVASP-10591_p_srniel.csv,Zn;S,1;1,4.311;24.075,False,"{""AddEnergy"": """", ""Emax"": ""10000"", ""Emin"": ""0.0001"", ""Fluence"": ""1"", ""Ionmodel"": ""1"", ""NELEM"": ""2"", ""Scale"": ""0"", ""Stoich1"": ""1"", ""Stoich2"": ""1"", ""TARGET"": ""0"", ""Th1"": ""4.311"", ""Th2"": ""24.075"", ""Z1"": ""30"", ""Z2"": ""16"", ""Zi"": ""1"", ""formSubmit"": ""CALCULATE""}",
