formula,material_id,element,recommended_ed_eV,aggregation_mode,weighted_mean_ed_eV,minimum_ed_eV,maximum_ed_eV,inequivalent_site_count,structure_source,ed_mode,status,error
Ag2Te,JVASP-108812,Ag,25.44,min,25.44,25.44,25.44,1,jarvis_relaxed_input+idealized,static,ok,
Ag2Te,JVASP-108812,Te,49.149,min,49.149,49.149,49.149,1,jarvis_relaxed_input+idealized,static,ok,
Ag3PO4,JVASP-9585,Ag,14.705,min,14.705,14.705,14.705,1,jarvis_relaxed_input+idealized,static,ok,
Ag3PO4,JVASP-9585,P,8.7,min,8.7,8.7,8.7,1,jarvis_relaxed_input+idealized,static,ok,
Ag3PO4,JVASP-9585,O,6.933,min,6.933,6.933,6.933,1,jarvis_relaxed_input+idealized,static,ok,
Ag3SI,JVASP-53111,Ag,29.402,min,29.402,29.402,29.402,1,jarvis_relaxed_input+idealized,static,ok,
Ag3SI,JVASP-53111,S,2.943,min,2.943,2.943,2.943,1,jarvis_relaxed_input+idealized,static,ok,
Ag3SI,JVASP-53111,I,43.659,min,43.659,43.659,43.659,1,jarvis_relaxed_input+idealized,static,ok,
AlBiO3,JVASP-11273,Al,4.392,min,4.392,4.392,4.392,1,jarvis_relaxed_input+idealized,static,ok,
AlBiO3,JVASP-11273,Bi,21.997,min,21.997,21.997,21.997,1,jarvis_relaxed_input+idealized,static,ok,
AlBiO3,JVASP-11273,O,8.407,min,8.407,8.407,8.407,1,jarvis_relaxed_input+idealized,static,ok,
AlInSb2,JVASP-109795,Al,1.35,min,1.35,1.35,1.35,1,jarvis_relaxed_input+idealized,static,ok,
AlInSb2,JVASP-109795,In,0.286,min,0.286,0.286,0.286,1,jarvis_relaxed_input+idealized,static,ok,
AlInSb2,JVASP-109795,Sb,14.278,min,14.278,14.278,14.278,1,jarvis_relaxed_input+idealized,static,ok,
AsCl5,JVASP-5770,As,1.219,min,1.219,1.219,1.219,1,jarvis_relaxed_input+idealized,static,ok,
AsCl5,JVASP-5770,Cl,0.668,min,0.668,0.668,0.668,1,jarvis_relaxed_input+idealized,static,ok,
BaAlSi,JVASP-17183,Ba,7.95,min,7.95,7.95,7.95,1,jarvis_relaxed_input+idealized,static,ok,
BaAlSi,JVASP-17183,Al,4.891,min,4.891,4.891,4.891,1,jarvis_relaxed_input+idealized,static,ok,
BaAlSi,JVASP-17183,Si,2.351,min,2.351,2.351,2.351,1,jarvis_relaxed_input+idealized,static,ok,
BaH2O4,JVASP-54745,Ba,49.308,min,49.308,49.308,49.308,1,jarvis_relaxed_input+idealized,static,ok,
BaH2O4,JVASP-54745,H,1.286,min,1.286,1.286,1.286,1,jarvis_relaxed_input+idealized,static,ok,
BaH2O4,JVASP-54745,O,0.599,min,0.599,0.599,0.599,1,jarvis_relaxed_input+idealized,static,ok,
Bi4Te7Pb,JVASP-12475,Bi,8.0,min,8.0,8.0,8.0,1,material_level_fallback_no_qe_result,static,ok,
Bi4Te7Pb,JVASP-12475,Te,5.5,min,5.5,5.5,5.5,1,material_level_fallback_no_qe_result,static,ok,
Bi4Te7Pb,JVASP-12475,Pb,8.0,min,8.0,8.0,8.0,1,material_level_fallback_no_qe_result,static,ok,
Ca3PbO,JVASP-17656,Ca,8.0,min,8.0,8.0,8.0,1,material_level_fallback_no_qe_result,static,ok,
Ca3PbO,JVASP-17656,Pb,8.0,min,8.0,8.0,8.0,1,material_level_fallback_no_qe_result,static,ok,
Ca3PbO,JVASP-17656,O,28.0,min,28.0,28.0,28.0,1,material_level_fallback_no_qe_result,static,ok,
Ca3SnH2,JVASP-37879,Ca,6.884,min,6.884,6.884,6.884,1,jarvis_relaxed_input+idealized,static,ok,
Ca3SnH2,JVASP-37879,Sn,20.699,min,20.699,20.699,20.699,1,jarvis_relaxed_input+idealized,static,ok,
Ca3SnH2,JVASP-37879,H,1.517,min,1.517,1.517,1.517,1,jarvis_relaxed_input+idealized,static,ok,
CaSnS3,JVASP-40190,Ca,5.795,min,5.795,5.795,5.795,1,jarvis_relaxed_input+idealized,static,ok,
CaSnS3,JVASP-40190,Sn,12.0,min,12.0,12.0,12.0,1,jarvis_relaxed_input+idealized,static,ok,
CaSnS3,JVASP-40190,S,7.6,min,7.6,7.6,7.6,1,jarvis_relaxed_input+idealized,static,ok,
Cd2GaAgSe4,JVASP-108799,Cd,14.814,min,14.814,14.814,14.814,1,jarvis_relaxed_input+idealized,static,ok,
Cd2GaAgSe4,JVASP-108799,Ga,2.202,min,2.202,2.202,2.202,1,jarvis_relaxed_input+idealized,static,ok,
Cd2GaAgSe4,JVASP-108799,Ag,5.875,min,5.875,5.875,5.875,1,jarvis_relaxed_input+idealized,static,ok,
Cd2GaAgSe4,JVASP-108799,Se,25.628,min,25.628,25.628,25.628,1,jarvis_relaxed_input+idealized,static,ok,
CoC4N6,JVASP-59765,Co,22.0,min,22.0,22.0,22.0,1,material_level_fallback_no_qe_result,static,ok,
CoC4N6,JVASP-59765,C,37.0,min,37.0,37.0,37.0,1,material_level_fallback_no_qe_result,static,ok,
CoC4N6,JVASP-59765,N,22.0,min,22.0,22.0,22.0,1,material_level_fallback_no_qe_result,static,ok,
CrO3,JVASP-44469,Cr,11.925,min,11.925,11.925,11.925,1,jarvis_relaxed_input+idealized,static,ok,
CrO3,JVASP-44469,O,2.921,min,2.921,2.921,2.921,1,jarvis_relaxed_input+idealized,static,ok,
Cu2SnSe3,JVASP-109764,Cu,1.448,min,1.448,1.448,1.448,1,jarvis_relaxed_input+idealized,static,ok,
Cu2SnSe3,JVASP-109764,Sn,2.997,min,2.997,2.997,2.997,1,jarvis_relaxed_input+idealized,static,ok,
Cu2SnSe3,JVASP-109764,Se,0.62,min,0.62,0.62,0.62,1,jarvis_relaxed_input+idealized,static,ok,
CuAs2Pb6Cl7O6,JVASP-53178,Cu,1.032,min,1.032,1.032,1.032,1,jarvis_relaxed_input+idealized,static,ok,
CuAs2Pb6Cl7O6,JVASP-53178,As,7.905,min,7.905,7.905,7.905,1,jarvis_relaxed_input+idealized,static,ok,
CuAs2Pb6Cl7O6,JVASP-53178,Pb,9.406,min,9.406,9.406,9.406,1,jarvis_relaxed_input+idealized,static,ok,
CuAs2Pb6Cl7O6,JVASP-53178,Cl,8.419,min,8.419,8.419,8.419,1,jarvis_relaxed_input+idealized,static,ok,
CuAs2Pb6Cl7O6,JVASP-53178,O,4.314,min,4.314,4.314,4.314,1,jarvis_relaxed_input+idealized,static,ok,
Ga3BN4,JVASP-35152,Ga,10.808,min,10.808,10.808,10.808,1,jarvis_relaxed_input+idealized,static,ok,
Ga3BN4,JVASP-35152,B,8.338,min,8.338,8.338,8.338,1,jarvis_relaxed_input+idealized,static,ok,
Ga3BN4,JVASP-35152,N,8.691,min,8.691,8.691,8.691,1,jarvis_relaxed_input+idealized,static,ok,
GaAgP2Se6,JVASP-27498,Ga,5.442,min,5.442,5.442,5.442,1,jarvis_relaxed_input+idealized,static,ok,
GaAgP2Se6,JVASP-27498,Ag,1.858,min,1.858,1.858,1.858,1,jarvis_relaxed_input+idealized,static,ok,
GaAgP2Se6,JVASP-27498,P,2.469,min,2.469,2.469,2.469,1,jarvis_relaxed_input+idealized,static,ok,
GaAgP2Se6,JVASP-27498,Se,2.533,min,2.533,2.533,2.533,1,jarvis_relaxed_input+idealized,static,ok,
GaAgTeSe,JVASP-109402,Ga,2.622,min,2.622,2.622,2.622,1,jarvis_relaxed_input+idealized,static,ok,
GaAgTeSe,JVASP-109402,Ag,1.166,min,1.166,1.166,1.166,1,jarvis_relaxed_input+idealized,static,ok,
GaAgTeSe,JVASP-109402,Te,3.638,min,3.638,3.638,3.638,1,jarvis_relaxed_input+idealized,static,ok,
GaAgTeSe,JVASP-109402,Se,2.338,min,2.338,2.338,2.338,1,jarvis_relaxed_input+idealized,static,ok,
HfS3,JVASP-8218,Hf,30.0,min,30.0,30.0,30.0,1,jarvis_relaxed_input+idealized,static,ok,
HfS3,JVASP-8218,S,4.039,min,4.039,4.039,4.039,1,jarvis_relaxed_input+idealized,static,ok,
Hg3Cl2O2,JVASP-12474,Hg,17.776,min,17.776,17.776,17.776,1,jarvis_relaxed_input+idealized,static,ok,
Hg3Cl2O2,JVASP-12474,Cl,12.456,min,12.456,12.456,12.456,1,jarvis_relaxed_input+idealized,static,ok,
Hg3Cl2O2,JVASP-12474,O,2.177,min,2.177,2.177,2.177,1,jarvis_relaxed_input+idealized,static,ok,
HgSO4,JVASP-9390,Hg,27.053,min,27.053,27.053,27.053,1,jarvis_relaxed_input+idealized,static,ok,
HgSO4,JVASP-9390,S,3.01,min,3.01,3.01,3.01,1,jarvis_relaxed_input+idealized,static,ok,
HgSO4,JVASP-9390,O,2.315,min,2.315,2.315,2.315,1,jarvis_relaxed_input+idealized,static,ok,
HoSO,JVASP-46072,Ho,9.0,min,9.0,9.0,9.0,1,material_level_fallback_no_qe_result,static,ok,
HoSO,JVASP-46072,S,7.6,min,7.6,7.6,7.6,1,material_level_fallback_no_qe_result,static,ok,
HoSO,JVASP-46072,O,28.0,min,28.0,28.0,28.0,1,material_level_fallback_no_qe_result,static,ok,
InAgS2,JVASP-12383,In,39.49,min,39.49,39.49,39.49,1,jarvis_relaxed_input+idealized,static,ok,
InAgS2,JVASP-12383,Ag,2.877,min,2.877,2.877,2.877,1,jarvis_relaxed_input+idealized,static,ok,
InAgS2,JVASP-12383,S,9.262,min,9.262,9.262,9.262,1,jarvis_relaxed_input+idealized,static,ok,
InN,JVASP-17841,In,60.643,min,60.643,60.643,60.643,1,jarvis_relaxed_input+idealized,static,ok,
InN,JVASP-17841,N,52.307,min,52.307,52.307,52.307,1,jarvis_relaxed_input+idealized,static,ok,
InS,JVASP-51076,In,11.529,min,11.529,11.529,11.529,1,jarvis_relaxed_input+idealized,static,ok,
InS,JVASP-51076,S,3.526,min,3.526,3.526,3.526,1,jarvis_relaxed_input+idealized,static,ok,
KNO3,JVASP-53146,K,3.45,min,3.45,3.45,3.45,1,jarvis_relaxed_input+idealized,static,ok,
KNO3,JVASP-53146,N,3.834,min,3.834,3.834,3.834,1,jarvis_relaxed_input+idealized,static,ok,
KNO3,JVASP-53146,O,3.342,min,3.342,3.342,3.342,1,jarvis_relaxed_input+idealized,static,ok,
KP,JVASP-10123,K,12.274,min,12.274,12.274,12.274,1,jarvis_relaxed_input+idealized,static,ok,
KP,JVASP-10123,P,12.243,min,12.243,12.243,12.243,1,jarvis_relaxed_input+idealized,static,ok,
Li3VB2O6,JVASP-40731,Li,12.0,min,12.0,12.0,12.0,1,material_level_fallback_no_qe_result,static,ok,
Li3VB2O6,JVASP-40731,V,28.0,min,28.0,28.0,28.0,1,material_level_fallback_no_qe_result,static,ok,
Li3VB2O6,JVASP-40731,B,22.0,min,22.0,22.0,22.0,1,material_level_fallback_no_qe_result,static,ok,
Li3VB2O6,JVASP-40731,O,28.0,min,28.0,28.0,28.0,1,material_level_fallback_no_qe_result,static,ok,
Mg2Mo3O8,JVASP-19255,Mg,10.0,min,10.0,10.0,10.0,1,material_level_fallback_no_qe_result,static,ok,
Mg2Mo3O8,JVASP-19255,Mo,33.0,min,33.0,33.0,33.0,1,material_level_fallback_no_qe_result,static,ok,
Mg2Mo3O8,JVASP-19255,O,28.0,min,28.0,28.0,28.0,1,material_level_fallback_no_qe_result,static,ok,
MgCu2O4,JVASP-9884,Mg,6.26,min,6.26,6.26,6.26,1,jarvis_relaxed_input+idealized,static,ok,
MgCu2O4,JVASP-9884,Cu,3.435,min,3.435,3.435,3.435,1,jarvis_relaxed_input+idealized,static,ok,
MgCu2O4,JVASP-9884,O,3.802,min,3.802,3.802,3.802,1,jarvis_relaxed_input+idealized,static,ok,
MgCu2O4,JVASP-9908,Mg,15.298,min,15.298,15.298,15.298,1,jarvis_relaxed_input+idealized,static,ok,
MgCu2O4,JVASP-9908,Cu,8.614,min,8.614,8.614,8.614,1,jarvis_relaxed_input+idealized,static,ok,
MgCu2O4,JVASP-9908,O,4.661,min,4.661,4.661,4.661,1,jarvis_relaxed_input+idealized,static,ok,
MoH2O4,JVASP-54713,Mo,2.272,min,2.272,2.272,2.272,1,jarvis_relaxed_input+idealized,static,ok,
MoH2O4,JVASP-54713,H,1.679,min,1.679,1.679,1.679,1,jarvis_relaxed_input+idealized,static,ok,
MoH2O4,JVASP-54713,O,6.718,min,6.718,6.718,6.718,1,jarvis_relaxed_input+idealized,static,ok,
MoWSe2S2,JVASP-28698,Mo,33.0,min,33.0,33.0,33.0,1,material_level_fallback_no_qe_result,static,ok,
MoWSe2S2,JVASP-28698,W,55.0,min,55.0,55.0,55.0,1,material_level_fallback_no_qe_result,static,ok,
MoWSe2S2,JVASP-28698,Se,7.4,min,7.4,7.4,7.4,1,material_level_fallback_no_qe_result,static,ok,
MoWSe2S2,JVASP-28698,S,7.6,min,7.6,7.6,7.6,1,material_level_fallback_no_qe_result,static,ok,
Na2GaNiF7,JVASP-57312,Na,8.0,min,8.0,8.0,8.0,1,material_level_fallback_no_qe_result,static,ok,
Na2GaNiF7,JVASP-57312,Ga,9.4,min,9.4,9.4,9.4,1,material_level_fallback_no_qe_result,static,ok,
Na2GaNiF7,JVASP-57312,Ni,23.0,min,23.0,23.0,23.0,1,material_level_fallback_no_qe_result,static,ok,
Na2GaNiF7,JVASP-57312,F,15.0,min,15.0,15.0,15.0,1,material_level_fallback_no_qe_result,static,ok,
Na2WO4,JVASP-11669,Na,27.677,min,27.677,27.677,27.677,1,jarvis_relaxed_input+idealized,static,ok,
Na2WO4,JVASP-11669,W,19.987,min,19.987,19.987,19.987,1,jarvis_relaxed_input+idealized,static,ok,
Na2WO4,JVASP-11669,O,7.052,min,7.052,7.052,7.052,1,jarvis_relaxed_input+idealized,static,ok,
Na3VS3O,JVASP-12252,Na,5.67,min,5.67,5.67,5.67,1,jarvis_relaxed_input+idealized,static,ok,
Na3VS3O,JVASP-12252,V,2.908,min,2.908,2.908,2.908,1,jarvis_relaxed_input+idealized,static,ok,
Na3VS3O,JVASP-12252,S,5.331,min,5.331,5.331,5.331,1,jarvis_relaxed_input+idealized,static,ok,
Na3VS3O,JVASP-12252,O,5.272,min,5.272,5.272,5.272,1,jarvis_relaxed_input+idealized,static,ok,
NaS,JVASP-9152,Na,2.013,min,2.013,2.013,2.013,1,jarvis_relaxed_input+idealized,static,ok,
NaS,JVASP-9152,S,0.802,min,0.802,0.802,0.802,1,jarvis_relaxed_input+idealized,static,ok,
NbBi3O7,JVASP-13254,Nb,1.558,min,1.558,1.558,1.558,1,jarvis_relaxed_input+idealized,static,ok,
NbBi3O7,JVASP-13254,Bi,57.752,min,57.752,57.752,57.752,1,jarvis_relaxed_input+idealized,static,ok,
NbBi3O7,JVASP-13254,O,0.691,min,0.691,0.691,0.691,1,jarvis_relaxed_input+idealized,static,ok,
NbS2,JVASP-574,Nb,28.0,min,28.0,28.0,28.0,1,material_level_fallback_no_qe_result,static,ok,
NbS2,JVASP-574,S,7.6,min,7.6,7.6,7.6,1,material_level_fallback_no_qe_result,static,ok,
P2Se5,JVASP-5590,P,8.7,min,8.7,8.7,8.7,1,jarvis_relaxed_input+idealized,static,ok,
P2Se5,JVASP-5590,Se,7.4,min,7.4,7.4,7.4,1,jarvis_relaxed_input+idealized,static,ok,
PbS,JVASP-17941,Pb,12.507,min,12.507,12.507,12.507,1,jarvis_relaxed_input+idealized,static,ok,
PbS,JVASP-17941,S,7.6,min,7.6,7.6,7.6,1,jarvis_relaxed_input+idealized,static,ok,
PtI2,JVASP-12896,Pt,6.913,min,6.913,6.913,6.913,1,jarvis_relaxed_input+idealized,static,ok,
PtI2,JVASP-12896,I,10.106,min,10.106,10.106,10.106,1,jarvis_relaxed_input+idealized,static,ok,
Rb2As3,JVASP-11390,Rb,3.146,min,3.146,3.146,3.146,1,jarvis_relaxed_input+idealized,static,ok,
Rb2As3,JVASP-11390,As,5.88,min,5.88,5.88,5.88,1,jarvis_relaxed_input+idealized,static,ok,
Rb4CuSi2O7,JVASP-25574,Rb,5.5,min,5.5,5.5,5.5,1,material_level_fallback_no_qe_result,static,ok,
Rb4CuSi2O7,JVASP-25574,Cu,19.0,min,19.0,19.0,19.0,1,material_level_fallback_no_qe_result,static,ok,
Rb4CuSi2O7,JVASP-25574,Si,20.5,min,20.5,20.5,20.5,1,material_level_fallback_no_qe_result,static,ok,
Rb4CuSi2O7,JVASP-25574,O,28.0,min,28.0,28.0,28.0,1,material_level_fallback_no_qe_result,static,ok,
SCl2,JVASP-58833,S,6.36,min,6.36,6.36,6.36,1,jarvis_relaxed_input+idealized,static,ok,
SCl2,JVASP-58833,Cl,4.261,min,4.261,4.261,4.261,1,jarvis_relaxed_input+idealized,static,ok,
SbIrS,JVASP-10264,Sb,47.815,min,47.815,47.815,47.815,1,jarvis_relaxed_input+idealized,static,ok,
SbIrS,JVASP-10264,Ir,122.53,min,122.53,122.53,122.53,1,jarvis_relaxed_input+idealized,static,ok,
SbIrS,JVASP-10264,S,24.467,min,24.467,24.467,24.467,1,jarvis_relaxed_input+idealized,static,ok,
ScMo3O8,JVASP-12703,Sc,7.235,min,7.235,7.235,7.235,1,jarvis_relaxed_input+idealized,static,ok,
ScMo3O8,JVASP-12703,Mo,7.526,min,7.526,7.526,7.526,1,jarvis_relaxed_input+idealized,static,ok,
ScMo3O8,JVASP-12703,O,8.658,min,8.658,8.658,8.658,1,jarvis_relaxed_input+idealized,static,ok,
ScS,JVASP-19725,Sc,46.408,min,46.408,46.408,46.408,1,jarvis_relaxed_input+idealized,static,ok,
ScS,JVASP-19725,S,48.251,min,48.251,48.251,48.251,1,jarvis_relaxed_input+idealized,static,ok,
ScVO4,JVASP-11823,Sc,25.0,min,25.0,25.0,25.0,1,material_level_fallback_no_qe_result,static,ok,
ScVO4,JVASP-11823,V,28.0,min,28.0,28.0,28.0,1,material_level_fallback_no_qe_result,static,ok,
ScVO4,JVASP-11823,O,28.0,min,28.0,28.0,28.0,1,material_level_fallback_no_qe_result,static,ok,
Si,JVASP-25415,Si,4.733,min,4.733,4.733,4.733,1,jarvis_relaxed_input+idealized,static,ok,
SrTaNO2,JVASP-109687,Sr,7.0,min,7.0,7.0,7.0,1,jarvis_relaxed_input+idealized,static,ok,
SrTaNO2,JVASP-109687,Ta,0.56,min,0.56,0.56,0.56,1,jarvis_relaxed_input+idealized,static,ok,
SrTaNO2,JVASP-109687,N,22.0,min,22.0,22.0,22.0,1,jarvis_relaxed_input+idealized,static,ok,
SrTaNO2,JVASP-109687,O,28.0,min,28.0,28.0,28.0,1,jarvis_relaxed_input+idealized,static,ok,
SrZrS3,JVASP-21271,Sr,19.813,min,19.813,19.813,19.813,1,jarvis_relaxed_input+idealized,static,ok,
SrZrS3,JVASP-21271,Zr,20.172,min,20.172,20.172,20.172,1,jarvis_relaxed_input+idealized,static,ok,
SrZrS3,JVASP-21271,S,21.908,min,21.908,21.908,21.908,1,jarvis_relaxed_input+idealized,static,ok,
Ta2Te4Br10O,JVASP-31871,Ta,11.673,min,11.673,11.673,11.673,1,jarvis_relaxed_input+idealized,static,ok,
Ta2Te4Br10O,JVASP-31871,Te,9.079,min,9.079,9.079,9.079,1,jarvis_relaxed_input+idealized,static,ok,
Ta2Te4Br10O,JVASP-31871,Br,7.234,min,7.234,7.234,7.234,1,jarvis_relaxed_input+idealized,static,ok,
Ta2Te4Br10O,JVASP-31871,O,7.082,min,7.082,7.082,7.082,1,jarvis_relaxed_input+idealized,static,ok,
Te2Mo3WS6,JVASP-28699,Te,5.5,min,5.5,5.5,5.5,1,material_level_fallback_no_qe_result,static,ok,
Te2Mo3WS6,JVASP-28699,Mo,33.0,min,33.0,33.0,33.0,1,material_level_fallback_no_qe_result,static,ok,
Te2Mo3WS6,JVASP-28699,W,55.0,min,55.0,55.0,55.0,1,material_level_fallback_no_qe_result,static,ok,
Te2Mo3WS6,JVASP-28699,S,7.6,min,7.6,7.6,7.6,1,material_level_fallback_no_qe_result,static,ok,
TeMoWSe3,JVASP-28952,Te,5.5,min,5.5,5.5,5.5,1,material_level_fallback_no_qe_result,static,ok,
TeMoWSe3,JVASP-28952,Mo,33.0,min,33.0,33.0,33.0,1,material_level_fallback_no_qe_result,static,ok,
TeMoWSe3,JVASP-28952,W,55.0,min,55.0,55.0,55.0,1,material_level_fallback_no_qe_result,static,ok,
TeMoWSe3,JVASP-28952,Se,7.4,min,7.4,7.4,7.4,1,material_level_fallback_no_qe_result,static,ok,
VRhO4,JVASP-42957,V,28.0,min,28.0,28.0,28.0,1,material_level_fallback_no_qe_result,static,ok,
VRhO4,JVASP-42957,Rh,25.0,min,25.0,25.0,25.0,1,material_level_fallback_no_qe_result,static,ok,
VRhO4,JVASP-42957,O,28.0,min,28.0,28.0,28.0,1,material_level_fallback_no_qe_result,static,ok,
ZnBi2O5,JVASP-9800,Zn,10.0,min,10.0,10.0,10.0,1,jarvis_relaxed_input+idealized,static,ok,
ZnBi2O5,JVASP-9800,Bi,8.0,min,8.0,8.0,8.0,1,jarvis_relaxed_input+idealized,static,ok,
ZnBi2O5,JVASP-9800,O,28.0,min,28.0,28.0,28.0,1,jarvis_relaxed_input+idealized,static,ok,
ZnGeN2,JVASP-9374,Zn,0.591,min,0.591,0.591,0.591,1,jarvis_relaxed_input+idealized,static,ok,
ZnGeN2,JVASP-9374,Ge,14.5,min,14.5,14.5,14.5,1,jarvis_relaxed_input+idealized,static,ok,
ZnGeN2,JVASP-9374,N,22.0,min,22.0,22.0,22.0,1,jarvis_relaxed_input+idealized,static,ok,
ZnO,JVASP-17188,Zn,10.0,min,10.0,10.0,10.0,1,material_level_fallback_no_qe_result,static,ok,
ZnO,JVASP-17188,O,28.0,min,28.0,28.0,28.0,1,material_level_fallback_no_qe_result,static,ok,
ZnS,JVASP-10591,Zn,4.311,min,4.311,4.311,4.311,1,jarvis_relaxed_input+idealized,static,ok,
ZnS,JVASP-10591,S,24.075,min,24.075,24.075,24.075,1,jarvis_relaxed_input+idealized,static,ok,
